,time,open,high,low,close,tick_volume,spread,real_volume
0,2021.08.19 00:00,1.26506,1.26572,1.26506,1.26572,10,0,0
1,2021.08.19 00:01,1.26571,1.26596,1.26571,1.26596,12,0,0
2,2021.08.19 00:02,1.26595,1.26595,1.26563,1.26564,4,0,0
3,2021.08.19 00:03,1.26533,1.26569,1.26533,1.26547,9,0,0
4,2021.08.19 00:04,1.26541,1.26569,1.26541,1.26568,4,0,0
5,2021.08.19 00:05,1.26547,1.26558,1.26528,1.26558,7,0,0
6,2021.08.19 00:06,1.26558,1.26568,1.26558,1.26559,5,0,0
7,2021.08.19 00:07,1.26559,1.26568,1.26536,1.26565,8,0,0
8,2021.08.19 00:08,1.26569,1.26573,1.26569,1.26573,3,0,0
9,2021.08.19 00:09,1.26573,1.26573,1.2655,1.26554,8,0,0
10,2021.08.19 00:10,1.26535,1.26538,1.26486,1.26536,11,0,0
11,2021.08.19 00:11,1.2653,1.26565,1.2653,1.26565,9,0,0
12,2021.08.19 00:12,1.26557,1.26565,1.26544,1.26556,13,0,0
13,2021.08.19 00:13,1.26551,1.26556,1.26547,1.26547,5,0,0
14,2021.08.19 00:14,1.26556,1.26567,1.26556,1.26567,2,0,0
15,2021.08.19 00:15,1.26564,1.26568,1.26533,1.26568,14,0,0
16,2021.08.19 00:16,1.26568,1.26568,1.26545,1.26556,4,0,0
17,2021.08.19 00:17,1.26562,1.26591,1.26562,1.26578,10,0,0
18,2021.08.19 00:18,1.26573,1.26583,1.2656,1.26583,8,0,0
19,2021.08.19 00:19,1.26583,1.26587,1.26583,1.26587,9,0,0
20,2021.08.19 00:20,1.26586,1.26587,1.26584,1.26586,7,0,0
21,2021.08.19 00:21,1.26586,1.26591,1.26585,1.2659,10,0,0
22,2021.08.19 00:22,1.26589,1.26602,1.26575,1.26575,8,0,0
23,2021.08.19 00:23,1.26575,1.26575,1.2657,1.26571,7,0,0
24,2021.08.19 00:24,1.26575,1.26586,1.26575,1.26586,3,0,0
25,2021.08.19 00:25,1.26581,1.26581,1.26576,1.26577,4,0,0
26,2021.08.19 00:26,1.26569,1.2658,1.26569,1.2658,3,0,0
27,2021.08.19 00:27,1.26577,1.26577,1.26573,1.26573,5,0,0
28,2021.08.19 00:28,1.2656,1.26577,1.26559,1.26573,6,0,0
29,2021.08.19 00:29,1.26581,1.26581,1.26575,1.26575,2,0,0
30,2021.08.19 00:30,1.26575,1.26581,1.26561,1.26581,11,0,0
31,2021.08.19 00:31,1.26581,1.26591,1.2658,1.26582,17,0,0
32,2021.08.19 00:32,1.26582,1.26585,1.26582,1.26583,4,0,0
33,2021.08.19 00:33,1.26584,1.26589,1.26583,1.26586,8,0,0
34,2021.08.19 00:34,1.26585,1.26591,1.26585,1.26588,3,0,0
35,2021.08.19 00:35,1.26586,1.26589,1.26586,1.26589,4,0,0
36,2021.08.19 00:36,1.26588,1.26589,1.26588,1.26589,2,0,0
37,2021.08.19 00:37,1.26588,1.26602,1.26588,1.26591,12,0,0
38,2021.08.19 00:38,1.26591,1.26591,1.26584,1.26586,7,0,0
39,2021.08.19 00:39,1.26584,1.26588,1.26579,1.26588,6,0,0
40,2021.08.19 00:40,1.26588,1.26588,1.26588,1.26588,1,0,0
41,2021.08.19 00:41,1.26588,1.26591,1.26584,1.26589,11,0,0
42,2021.08.19 00:42,1.26569,1.26589,1.26568,1.26589,6,0,0
43,2021.08.19 00:43,1.26589,1.26602,1.26589,1.26598,4,0,0
44,2021.08.19 00:44,1.26598,1.26599,1.26594,1.26599,7,0,0
45,2021.08.19 00:45,1.26601,1.26601,1.26598,1.26598,9,0,0
46,2021.08.19 00:46,1.26584,1.26599,1.26577,1.26593,7,0,0
47,2021.08.19 00:47,1.26592,1.26598,1.26591,1.26596,14,0,0
48,2021.08.19 00:48,1.26598,1.26598,1.26583,1.26595,5,0,0
49,2021.08.19 00:49,1.26567,1.26596,1.26562,1.26594,8,0,0
50,2021.08.19 00:50,1.26594,1.26598,1.26594,1.26596,5,0,0
51,2021.08.19 00:51,1.26595,1.26596,1.26593,1.26596,8,0,0
52,2021.08.19 00:52,1.26595,1.26596,1.26592,1.26592,15,0,0
53,2021.08.19 00:53,1.26594,1.26595,1.26572,1.26575,26,0,0
54,2021.08.19 00:54,1.26575,1.26575,1.26563,1.2657,15,0,0
55,2021.08.19 00:55,1.26571,1.26571,1.26565,1.26566,23,0,0
56,2021.08.19 00:56,1.26565,1.2657,1.26557,1.26565,31,0,0
57,2021.08.19 00:57,1.26564,1.26564,1.26558,1.26558,4,0,0
58,2021.08.19 00:58,1.26557,1.26557,1.26548,1.26552,24,0,0
59,2021.08.19 00:59,1.2655,1.2655,1.2651,1.26532,31,0,0
60,2021.08.19 01:00,1.26532,1.26565,1.26532,1.26559,56,0,0
61,2021.08.19 01:01,1.26565,1.26565,1.26548,1.26557,23,0,0
62,2021.08.19 01:02,1.26557,1.2656,1.26554,1.26558,12,0,0
63,2021.08.19 01:03,1.26558,1.26565,1.26557,1.26565,14,0,0
64,2021.08.19 01:04,1.26565,1.26567,1.26559,1.26567,8,0,0
65,2021.08.19 01:05,1.26566,1.26568,1.26566,1.26567,4,0,0
66,2021.08.19 01:06,1.26566,1.26567,1.26558,1.26558,7,0,0
67,2021.08.19 01:07,1.26558,1.26558,1.26555,1.26556,4,0,0
68,2021.08.19 01:08,1.26556,1.26562,1.26556,1.26559,12,0,0
69,2021.08.19 01:09,1.26558,1.26561,1.26558,1.26559,6,0,0
70,2021.08.19 01:10,1.26559,1.26559,1.26558,1.26558,4,0,0
71,2021.08.19 01:11,1.26558,1.26559,1.26556,1.26559,5,0,0
72,2021.08.19 01:12,1.26556,1.2656,1.26556,1.26557,8,0,0
73,2021.08.19 01:13,1.26559,1.26565,1.26559,1.26565,7,0,0
74,2021.08.19 01:14,1.26564,1.26565,1.26563,1.26564,4,0,0
75,2021.08.19 01:15,1.26564,1.26565,1.26564,1.26565,4,0,0
76,2021.08.19 01:16,1.26565,1.2657,1.26565,1.26568,6,0,0
77,2021.08.19 01:17,1.26568,1.26569,1.26566,1.26566,6,0,0
78,2021.08.19 01:18,1.26566,1.26567,1.26565,1.26566,9,0,0
79,2021.08.19 01:19,1.26565,1.26566,1.26563,1.26565,11,0,0
80,2021.08.19 01:20,1.26558,1.26559,1.2655,1.26551,10,0,0
81,2021.08.19 01:21,1.26549,1.2655,1.26543,1.26545,8,0,0
82,2021.08.19 01:22,1.26546,1.26546,1.26543,1.26543,3,0,0
83,2021.08.19 01:23,1.26545,1.26545,1.26542,1.26542,3,0,0
84,2021.08.19 01:24,1.26542,1.26547,1.26542,1.26545,10,0,0
85,2021.08.19 01:25,1.26544,1.26545,1.26544,1.26544,7,0,0
86,2021.08.19 01:26,1.26544,1.26544,1.26541,1.26544,5,0,0
87,2021.08.19 01:27,1.26544,1.26544,1.2654,1.26544,3,0,0
88,2021.08.19 01:28,1.26538,1.26538,1.26532,1.26533,5,0,0
89,2021.08.19 01:29,1.26534,1.26536,1.26527,1.26536,5,0,0
90,2021.08.19 01:30,1.26527,1.26537,1.26526,1.26537,11,0,0
91,2021.08.19 01:31,1.26536,1.26541,1.26528,1.26531,12,0,0
92,2021.08.19 01:32,1.26532,1.26532,1.26527,1.26528,11,0,0
93,2021.08.19 01:33,1.26528,1.26529,1.26521,1.26528,11,0,0
94,2021.08.19 01:34,1.26528,1.2653,1.26528,1.2653,3,0,0
95,2021.08.19 01:35,1.2653,1.2653,1.2653,1.2653,1,0,0
96,2021.08.19 01:36,1.2653,1.2653,1.26529,1.26529,2,0,0
97,2021.08.19 01:37,1.26525,1.26525,1.26523,1.26525,4,0,0
98,2021.08.19 01:38,1.26521,1.26527,1.26521,1.26526,4,0,0
99,2021.08.19 01:39,1.26526,1.26535,1.26521,1.2653,9,0,0
100,2021.08.19 01:40,1.26529,1.26536,1.26529,1.26533,5,0,0
101,2021.08.19 01:41,1.26534,1.26537,1.26533,1.26533,10,0,0
102,2021.08.19 01:42,1.26533,1.26548,1.26533,1.26541,33,0,0
103,2021.08.19 01:43,1.26541,1.26541,1.26541,1.26541,1,0,0
104,2021.08.19 01:44,1.2654,1.26548,1.2654,1.26545,7,0,0
105,2021.08.19 01:45,1.26545,1.26557,1.26545,1.26554,8,0,0
106,2021.08.19 01:46,1.26554,1.26554,1.26552,1.26553,4,0,0
107,2021.08.19 01:47,1.26554,1.26554,1.26546,1.26546,7,0,0
108,2021.08.19 01:48,1.26547,1.26548,1.26539,1.26541,12,0,0
109,2021.08.19 01:49,1.26541,1.26542,1.26538,1.26538,7,0,0
110,2021.08.19 01:50,1.26538,1.26538,1.26533,1.26533,4,0,0
111,2021.08.19 01:51,1.26533,1.26533,1.26528,1.26528,7,0,0
112,2021.08.19 01:52,1.26528,1.26531,1.26528,1.26528,3,0,0
113,2021.08.19 01:53,1.26526,1.26527,1.2652,1.26521,9,0,0
114,2021.08.19 01:54,1.26522,1.26528,1.2652,1.26523,11,0,0
115,2021.08.19 01:55,1.26518,1.26521,1.26515,1.26517,12,0,0
116,2021.08.19 01:56,1.26515,1.26515,1.26507,1.26511,13,0,0
117,2021.08.19 01:57,1.26511,1.26513,1.26493,1.26505,16,0,0
118,2021.08.19 01:58,1.26505,1.26513,1.26504,1.2651,15,0,0
119,2021.08.19 01:59,1.26503,1.26507,1.26489,1.26492,16,0,0
120,2021.08.19 02:00,1.26492,1.26517,1.26492,1.26516,22,0,0
121,2021.08.19 02:01,1.26517,1.26519,1.26508,1.26508,34,0,0
122,2021.08.19 02:02,1.26507,1.26524,1.26506,1.26524,34,0,0
123,2021.08.19 02:03,1.26524,1.26534,1.26514,1.26534,9,0,0
124,2021.08.19 02:04,1.26534,1.26534,1.26532,1.26532,5,0,0
125,2021.08.19 02:05,1.2653,1.26538,1.26528,1.26538,17,0,0
126,2021.08.19 02:06,1.26537,1.26556,1.26536,1.26553,38,0,0
127,2021.08.19 02:07,1.26553,1.26554,1.26547,1.26547,20,0,0
128,2021.08.19 02:08,1.26548,1.26548,1.2654,1.2654,3,0,0
129,2021.08.19 02:09,1.26537,1.26539,1.26537,1.26539,2,0,0
130,2021.08.19 02:10,1.2653,1.2654,1.26529,1.2654,20,0,0
131,2021.08.19 02:11,1.26538,1.26541,1.26538,1.26538,32,0,0
132,2021.08.19 02:12,1.26539,1.26541,1.26538,1.26538,21,0,0
133,2021.08.19 02:13,1.26539,1.26548,1.26538,1.26548,37,0,0
134,2021.08.19 02:14,1.26547,1.26548,1.26544,1.26545,4,0,0
135,2021.08.19 02:15,1.26545,1.2655,1.26545,1.2655,19,0,0
136,2021.08.19 02:16,1.26548,1.26548,1.26546,1.26547,8,0,0
137,2021.08.19 02:17,1.26546,1.26555,1.26546,1.26555,10,0,0
138,2021.08.19 02:18,1.26558,1.26558,1.26555,1.26555,3,0,0
139,2021.08.19 02:19,1.26559,1.26572,1.26559,1.26569,9,0,0
140,2021.08.19 02:20,1.26569,1.26572,1.26568,1.26568,4,0,0
141,2021.08.19 02:21,1.26568,1.26583,1.26568,1.2658,9,0,0
142,2021.08.19 02:22,1.26585,1.26587,1.26584,1.26586,7,0,0
143,2021.08.19 02:23,1.26587,1.26587,1.26584,1.26584,6,0,0
144,2021.08.19 02:24,1.26585,1.26592,1.26579,1.26579,9,0,0
145,2021.08.19 02:25,1.26578,1.26601,1.26577,1.26601,10,0,0
146,2021.08.19 02:26,1.26597,1.26614,1.26597,1.26606,18,0,0
147,2021.08.19 02:27,1.26606,1.26609,1.26596,1.26596,29,0,0
148,2021.08.19 02:28,1.26594,1.26599,1.26594,1.26597,6,0,0
149,2021.08.19 02:29,1.26597,1.26598,1.2659,1.26592,9,0,0
150,2021.08.19 02:30,1.26592,1.26608,1.26592,1.26604,22,0,0
151,2021.08.19 02:31,1.26606,1.26607,1.26594,1.26594,21,0,0
152,2021.08.19 02:32,1.26594,1.26598,1.26589,1.26593,11,0,0
153,2021.08.19 02:33,1.2659,1.26594,1.2659,1.26593,6,0,0
154,2021.08.19 02:34,1.26596,1.26596,1.26591,1.26591,7,0,0
155,2021.08.19 02:35,1.26592,1.26603,1.2659,1.26603,27,0,0
156,2021.08.19 02:36,1.26603,1.26603,1.26599,1.26599,8,0,0
157,2021.08.19 02:37,1.26604,1.26609,1.26599,1.26607,31,0,0
158,2021.08.19 02:38,1.26605,1.26605,1.26603,1.26603,2,0,0
159,2021.08.19 02:39,1.26603,1.26609,1.26598,1.26608,10,0,0
160,2021.08.19 02:40,1.26605,1.26606,1.26603,1.26604,5,0,0
161,2021.08.19 02:41,1.26606,1.26607,1.26606,1.26607,6,0,0
162,2021.08.19 02:42,1.26609,1.26613,1.26606,1.26606,26,0,0
163,2021.08.19 02:43,1.26606,1.26609,1.26606,1.26606,31,0,0
164,2021.08.19 02:44,1.26599,1.26607,1.26596,1.26596,8,0,0
165,2021.08.19 02:45,1.26596,1.26609,1.26596,1.26609,30,0,0
166,2021.08.19 02:46,1.26609,1.26612,1.26608,1.2661,11,0,0
167,2021.08.19 02:47,1.26613,1.26615,1.26611,1.26612,8,0,0
168,2021.08.19 02:48,1.26612,1.26617,1.2661,1.26614,18,0,0
169,2021.08.19 02:49,1.26614,1.2662,1.26612,1.26614,9,0,0
170,2021.08.19 02:50,1.26614,1.26621,1.26612,1.26616,6,0,0
171,2021.08.19 02:51,1.26614,1.26616,1.26611,1.26616,9,0,0
172,2021.08.19 02:52,1.26616,1.26618,1.26616,1.26618,5,0,0
173,2021.08.19 02:53,1.26618,1.26622,1.26616,1.26618,11,0,0
174,2021.08.19 02:54,1.26614,1.26624,1.26614,1.26622,9,0,0
175,2021.08.19 02:55,1.2662,1.26623,1.26612,1.26617,21,0,0
176,2021.08.19 02:56,1.26617,1.26622,1.26617,1.26621,13,0,0
177,2021.08.19 02:57,1.26621,1.26628,1.26618,1.26628,9,0,0
178,2021.08.19 02:58,1.26628,1.26633,1.26627,1.26632,11,0,0
179,2021.08.19 02:59,1.26632,1.26633,1.26626,1.26632,31,0,0
180,2021.08.19 03:00,1.26633,1.26633,1.26611,1.26617,67,0,0
181,2021.08.19 03:01,1.26618,1.26622,1.26617,1.26621,33,0,0
182,2021.08.19 03:02,1.26621,1.26627,1.26614,1.26625,40,0,0
183,2021.08.19 03:03,1.26626,1.26628,1.26612,1.26619,38,0,0
184,2021.08.19 03:04,1.2662,1.26625,1.26613,1.26618,38,0,0
185,2021.08.19 03:05,1.26618,1.26625,1.26612,1.26612,28,0,0
186,2021.08.19 03:06,1.26613,1.26613,1.26595,1.26595,29,0,0
187,2021.08.19 03:07,1.26596,1.26627,1.26596,1.26626,22,0,0
188,2021.08.19 03:08,1.26625,1.26628,1.26609,1.26612,16,0,0
189,2021.08.19 03:09,1.26612,1.2662,1.26611,1.26612,11,0,0
190,2021.08.19 03:10,1.26612,1.26622,1.26612,1.2662,27,0,0
191,2021.08.19 03:11,1.2662,1.26632,1.26613,1.2663,69,0,0
192,2021.08.19 03:12,1.26629,1.26636,1.26622,1.26628,52,0,0
193,2021.08.19 03:13,1.26628,1.26634,1.26626,1.26634,9,0,0
194,2021.08.19 03:14,1.26634,1.26643,1.26631,1.26643,10,0,0
195,2021.08.19 03:15,1.26643,1.26644,1.26634,1.26634,39,0,0
196,2021.08.19 03:16,1.26634,1.26661,1.26634,1.26661,36,0,0
197,2021.08.19 03:17,1.26661,1.26672,1.26657,1.26669,46,0,0
198,2021.08.19 03:18,1.26669,1.26683,1.26669,1.26678,27,0,0
199,2021.08.19 03:19,1.26682,1.26717,1.2668,1.26713,45,0,0
200,2021.08.19 03:20,1.26713,1.26715,1.26707,1.26707,25,0,0
201,2021.08.19 03:21,1.26707,1.26717,1.26706,1.26713,14,0,0
202,2021.08.19 03:22,1.26713,1.2672,1.2671,1.26716,19,0,0
203,2021.08.19 03:23,1.26717,1.2672,1.26716,1.26717,15,0,0
204,2021.08.19 03:24,1.26717,1.2673,1.26717,1.26722,23,0,0
205,2021.08.19 03:25,1.26724,1.26738,1.26722,1.26738,47,0,0
206,2021.08.19 03:26,1.26738,1.26771,1.26734,1.2676,37,0,0
207,2021.08.19 03:27,1.26757,1.26761,1.26747,1.26748,41,0,0
208,2021.08.19 03:28,1.26747,1.26749,1.26743,1.26743,14,0,0
209,2021.08.19 03:29,1.26743,1.26747,1.26731,1.26731,18,0,0
210,2021.08.19 03:30,1.26733,1.26761,1.26732,1.26759,28,0,0
211,2021.08.19 03:31,1.26757,1.26779,1.26752,1.26778,40,0,0
212,2021.08.19 03:32,1.26778,1.26778,1.26768,1.2677,8,0,0
213,2021.08.19 03:33,1.2677,1.26772,1.26768,1.26768,4,0,0
214,2021.08.19 03:34,1.26768,1.26771,1.26758,1.26758,8,0,0
215,2021.08.19 03:35,1.26757,1.26762,1.26742,1.26744,41,0,0
216,2021.08.19 03:36,1.26742,1.26746,1.26739,1.26744,31,0,0
217,2021.08.19 03:37,1.26744,1.26744,1.26712,1.26713,44,0,0
218,2021.08.19 03:38,1.26712,1.26755,1.26712,1.26754,52,0,0
219,2021.08.19 03:39,1.26754,1.26761,1.26749,1.26754,40,0,0
220,2021.08.19 03:40,1.26754,1.26756,1.26746,1.26748,34,0,0
221,2021.08.19 03:41,1.26748,1.26754,1.26747,1.26754,19,0,0
222,2021.08.19 03:42,1.26751,1.26757,1.2675,1.26755,11,0,0
223,2021.08.19 03:43,1.26759,1.26762,1.26753,1.26753,13,0,0
224,2021.08.19 03:44,1.26752,1.26752,1.26746,1.2675,7,0,0
225,2021.08.19 03:45,1.26753,1.26761,1.26747,1.26753,32,0,0
226,2021.08.19 03:46,1.26752,1.26753,1.26744,1.26744,26,0,0
227,2021.08.19 03:47,1.26744,1.26754,1.26744,1.26754,6,0,0
228,2021.08.19 03:48,1.2675,1.26753,1.26745,1.26745,28,0,0
229,2021.08.19 03:49,1.26747,1.26749,1.26744,1.26746,6,0,0
230,2021.08.19 03:50,1.26746,1.26746,1.26737,1.26741,17,0,0
231,2021.08.19 03:51,1.26741,1.26746,1.26738,1.26746,8,0,0
232,2021.08.19 03:52,1.26746,1.26762,1.26746,1.26762,23,0,0
233,2021.08.19 03:53,1.26761,1.26761,1.26755,1.26757,15,0,0
234,2021.08.19 03:54,1.26757,1.26776,1.26756,1.26771,25,0,0
235,2021.08.19 03:55,1.26771,1.2678,1.26758,1.26759,26,0,0
236,2021.08.19 03:56,1.26759,1.26763,1.26755,1.26756,21,0,0
237,2021.08.19 03:57,1.26755,1.26755,1.2674,1.26747,22,0,0
238,2021.08.19 03:58,1.26747,1.26765,1.26747,1.26755,18,0,0
239,2021.08.19 03:59,1.26757,1.26757,1.2675,1.26751,9,0,0
240,2021.08.19 04:00,1.26749,1.26771,1.2674,1.26763,36,0,0
241,2021.08.19 04:01,1.26763,1.26778,1.26763,1.26775,29,0,0
242,2021.08.19 04:02,1.26776,1.26776,1.26746,1.26746,37,0,0
243,2021.08.19 04:03,1.26743,1.26754,1.2674,1.2674,43,0,0
244,2021.08.19 04:04,1.2674,1.2674,1.26731,1.26731,17,0,0
245,2021.08.19 04:05,1.2673,1.26757,1.2673,1.26752,30,0,0
246,2021.08.19 04:06,1.2675,1.2675,1.26732,1.26734,13,0,0
247,2021.08.19 04:07,1.26734,1.26734,1.26707,1.26725,41,0,0
248,2021.08.19 04:08,1.26724,1.26741,1.26722,1.2674,27,0,0
249,2021.08.19 04:09,1.26739,1.26747,1.26733,1.26738,33,0,0
250,2021.08.19 04:10,1.26738,1.26742,1.26731,1.26731,16,0,0
251,2021.08.19 04:11,1.26724,1.26725,1.26705,1.26708,47,0,0
252,2021.08.19 04:12,1.26708,1.26716,1.267,1.26716,30,0,0
253,2021.08.19 04:13,1.26716,1.26726,1.26711,1.26717,42,0,0
254,2021.08.19 04:14,1.26718,1.2672,1.26708,1.26716,28,0,0
255,2021.08.19 04:15,1.26716,1.2672,1.2671,1.26716,35,0,0
256,2021.08.19 04:16,1.26717,1.26733,1.26717,1.26732,22,0,0
257,2021.08.19 04:17,1.26732,1.26732,1.26717,1.26723,14,0,0
258,2021.08.19 04:18,1.26723,1.26734,1.26716,1.26734,21,0,0
259,2021.08.19 04:19,1.26734,1.26741,1.26732,1.26732,11,0,0
260,2021.08.19 04:20,1.26735,1.26748,1.26735,1.2674,18,0,0
261,2021.08.19 04:21,1.2674,1.2675,1.2674,1.26749,13,0,0
262,2021.08.19 04:22,1.26749,1.26749,1.26741,1.26748,7,0,0
263,2021.08.19 04:23,1.26748,1.26756,1.26748,1.26756,17,0,0
264,2021.08.19 04:24,1.26756,1.26758,1.26753,1.26755,9,0,0
265,2021.08.19 04:25,1.26755,1.26757,1.26755,1.26756,6,0,0
266,2021.08.19 04:26,1.26756,1.26757,1.26752,1.26757,9,0,0
267,2021.08.19 04:27,1.26757,1.26757,1.26745,1.26749,13,0,0
268,2021.08.19 04:28,1.26748,1.26749,1.26731,1.26731,16,0,0
269,2021.08.19 04:29,1.26731,1.26739,1.2673,1.26737,30,0,0
270,2021.08.19 04:30,1.26731,1.26732,1.26697,1.26709,127,0,0
271,2021.08.19 04:31,1.26709,1.26737,1.26709,1.26733,99,0,0
272,2021.08.19 04:32,1.26731,1.26741,1.26714,1.26736,51,0,0
273,2021.08.19 04:33,1.26737,1.26756,1.26735,1.2674,55,0,0
274,2021.08.19 04:34,1.2674,1.26744,1.26731,1.26732,23,0,0
275,2021.08.19 04:35,1.26732,1.26732,1.26709,1.26715,34,0,0
276,2021.08.19 04:36,1.26716,1.26728,1.26715,1.26723,50,0,0
277,2021.08.19 04:37,1.26722,1.2673,1.26715,1.26729,51,0,0
278,2021.08.19 04:38,1.2673,1.2674,1.26726,1.26736,40,0,0
279,2021.08.19 04:39,1.26739,1.26744,1.2673,1.26742,67,0,0
280,2021.08.19 04:40,1.26741,1.26756,1.26738,1.26754,38,0,0
281,2021.08.19 04:41,1.26751,1.2676,1.26749,1.26757,45,0,0
282,2021.08.19 04:42,1.26756,1.26779,1.26756,1.26774,28,0,0
283,2021.08.19 04:43,1.26774,1.26778,1.26765,1.26774,46,0,0
284,2021.08.19 04:44,1.26774,1.26787,1.26769,1.26787,35,0,0
285,2021.08.19 04:45,1.26789,1.26794,1.26787,1.26789,44,0,0
286,2021.08.19 04:46,1.26789,1.26813,1.26789,1.26808,48,0,0
287,2021.08.19 04:47,1.26808,1.26815,1.26805,1.26805,53,0,0
288,2021.08.19 04:48,1.26805,1.26813,1.26796,1.26796,43,0,0
289,2021.08.19 04:49,1.26797,1.26806,1.26797,1.26798,52,0,0
290,2021.08.19 04:50,1.26802,1.26806,1.26795,1.26799,67,0,0
291,2021.08.19 04:51,1.26799,1.26812,1.26798,1.26804,54,0,0
292,2021.08.19 04:52,1.26803,1.26806,1.26799,1.26802,62,0,0
293,2021.08.19 04:53,1.26803,1.26811,1.26794,1.26795,66,0,0
294,2021.08.19 04:54,1.26794,1.26807,1.26794,1.26807,59,0,0
295,2021.08.19 04:55,1.26807,1.26824,1.26807,1.26823,69,0,0
296,2021.08.19 04:56,1.26824,1.26831,1.26822,1.26831,76,0,0
297,2021.08.19 04:57,1.26831,1.26848,1.26829,1.26845,65,0,0
298,2021.08.19 04:58,1.26846,1.2686,1.26845,1.26855,74,0,0
299,2021.08.19 04:59,1.26854,1.26864,1.26854,1.26862,78,0,0
300,2021.08.19 05:00,1.26863,1.26879,1.26863,1.26871,78,0,0
301,2021.08.19 05:01,1.26872,1.26872,1.26845,1.26845,89,0,0
302,2021.08.19 05:02,1.26845,1.26869,1.26845,1.2686,36,0,0
303,2021.08.19 05:03,1.2686,1.26867,1.26846,1.26846,39,0,0
304,2021.08.19 05:04,1.26846,1.26852,1.26835,1.26835,16,0,0
305,2021.08.19 05:05,1.26835,1.26838,1.26828,1.26829,15,0,0
306,2021.08.19 05:06,1.26829,1.26844,1.26823,1.26835,32,0,0
307,2021.08.19 05:07,1.26833,1.26835,1.26822,1.26822,33,0,0
308,2021.08.19 05:08,1.26821,1.26821,1.26807,1.26811,35,0,0
309,2021.08.19 05:09,1.26811,1.26817,1.26809,1.26815,15,0,0
310,2021.08.19 05:10,1.26819,1.26829,1.26819,1.26828,29,0,0
311,2021.08.19 05:11,1.26829,1.26853,1.26828,1.26853,33,0,0
312,2021.08.19 05:12,1.26852,1.26862,1.26831,1.26832,48,0,0
313,2021.08.19 05:13,1.26831,1.26835,1.26825,1.26833,19,0,0
314,2021.08.19 05:14,1.26833,1.2684,1.26829,1.26836,27,0,0
315,2021.08.19 05:15,1.26836,1.26845,1.26836,1.26843,10,0,0
316,2021.08.19 05:16,1.26843,1.26849,1.26831,1.26833,39,0,0
317,2021.08.19 05:17,1.26834,1.26841,1.26833,1.26839,34,0,0
318,2021.08.19 05:18,1.26836,1.26839,1.26825,1.26834,43,0,0
319,2021.08.19 05:19,1.26833,1.26848,1.26833,1.26842,60,0,0
320,2021.08.19 05:20,1.26843,1.26865,1.26842,1.26862,72,0,0
321,2021.08.19 05:21,1.26862,1.26868,1.2686,1.26867,42,0,0
322,2021.08.19 05:22,1.26867,1.26874,1.26862,1.26871,40,0,0
323,2021.08.19 05:23,1.2687,1.26884,1.26869,1.26882,55,0,0
324,2021.08.19 05:24,1.26882,1.26885,1.26867,1.26868,67,0,0
325,2021.08.19 05:25,1.26867,1.26874,1.26864,1.26873,46,0,0
326,2021.08.19 05:26,1.26872,1.2689,1.26869,1.2689,70,0,0
327,2021.08.19 05:27,1.26891,1.26913,1.26891,1.26912,72,0,0
328,2021.08.19 05:28,1.26908,1.26932,1.26907,1.26931,75,0,0
329,2021.08.19 05:29,1.26931,1.26933,1.26916,1.26927,42,0,0
330,2021.08.19 05:30,1.26927,1.26942,1.26919,1.26923,68,0,0
331,2021.08.19 05:31,1.26923,1.26928,1.26918,1.26923,80,0,0
332,2021.08.19 05:32,1.26922,1.26927,1.26909,1.26909,73,0,0
333,2021.08.19 05:33,1.2691,1.26913,1.26887,1.2689,112,0,0
334,2021.08.19 05:34,1.26889,1.26897,1.26871,1.26875,57,0,0
335,2021.08.19 05:35,1.26876,1.26886,1.2687,1.26885,51,0,0
336,2021.08.19 05:36,1.26886,1.269,1.26885,1.26892,34,0,0
337,2021.08.19 05:37,1.26893,1.26904,1.26892,1.26903,49,0,0
338,2021.08.19 05:38,1.26905,1.26909,1.26889,1.26889,57,0,0
339,2021.08.19 05:39,1.2689,1.26891,1.26884,1.26888,43,0,0
340,2021.08.19 05:40,1.2689,1.26893,1.26885,1.26888,48,0,0
341,2021.08.19 05:41,1.26891,1.26894,1.26884,1.26885,30,0,0
342,2021.08.19 05:42,1.26884,1.26896,1.26881,1.26891,52,0,0
343,2021.08.19 05:43,1.2689,1.26894,1.26889,1.2689,31,0,0
344,2021.08.19 05:44,1.26885,1.26891,1.26884,1.26889,35,0,0
345,2021.08.19 05:45,1.2689,1.269,1.26872,1.26874,54,0,0
346,2021.08.19 05:46,1.26873,1.26874,1.2687,1.26871,36,0,0
347,2021.08.19 05:47,1.26872,1.26872,1.26862,1.26868,45,0,0
348,2021.08.19 05:48,1.26869,1.26869,1.26861,1.26861,15,0,0
349,2021.08.19 05:49,1.26861,1.26871,1.26855,1.26869,69,0,0
350,2021.08.19 05:50,1.26868,1.26878,1.26866,1.26876,31,0,0
351,2021.08.19 05:51,1.26877,1.26877,1.26869,1.26873,40,0,0
352,2021.08.19 05:52,1.26875,1.26884,1.26874,1.26879,34,0,0
353,2021.08.19 05:53,1.26884,1.26884,1.26875,1.26875,18,0,0
354,2021.08.19 05:54,1.26875,1.2688,1.26874,1.26877,17,0,0
355,2021.08.19 05:55,1.26877,1.26886,1.26875,1.26885,56,0,0
356,2021.08.19 05:56,1.26886,1.26894,1.26885,1.26894,32,0,0
357,2021.08.19 05:57,1.26893,1.2691,1.26892,1.26908,70,0,0
358,2021.08.19 05:58,1.26913,1.26913,1.269,1.26905,38,0,0
359,2021.08.19 05:59,1.26906,1.26924,1.26905,1.26916,61,0,0
360,2021.08.19 06:00,1.26914,1.2692,1.26907,1.2691,60,0,0
361,2021.08.19 06:01,1.2691,1.26925,1.269,1.26925,63,0,0
362,2021.08.19 06:02,1.26925,1.26937,1.26925,1.26925,25,0,0
363,2021.08.19 06:03,1.26924,1.26935,1.26924,1.26932,19,0,0
364,2021.08.19 06:04,1.26933,1.26936,1.26927,1.26931,25,0,0
365,2021.08.19 06:05,1.26931,1.26935,1.26923,1.26925,36,0,0
366,2021.08.19 06:06,1.26924,1.26925,1.26914,1.26918,25,0,0
367,2021.08.19 06:07,1.26918,1.26924,1.26918,1.26919,30,0,0
368,2021.08.19 06:08,1.26921,1.26938,1.26921,1.26935,38,0,0
369,2021.08.19 06:09,1.26936,1.2694,1.26932,1.26934,70,0,0
370,2021.08.19 06:10,1.26935,1.2694,1.26933,1.26939,51,0,0
371,2021.08.19 06:11,1.26939,1.26976,1.26939,1.26975,65,0,0
372,2021.08.19 06:12,1.26974,1.26989,1.26969,1.2697,81,0,0
373,2021.08.19 06:13,1.26969,1.26977,1.26963,1.26971,72,0,0
374,2021.08.19 06:14,1.26972,1.26974,1.26962,1.26963,54,0,0
375,2021.08.19 06:15,1.26963,1.26963,1.26938,1.26942,62,0,0
376,2021.08.19 06:16,1.26941,1.26949,1.2694,1.26948,55,0,0
377,2021.08.19 06:17,1.26947,1.26954,1.26945,1.26954,43,0,0
378,2021.08.19 06:18,1.26957,1.26959,1.26948,1.26948,41,0,0
379,2021.08.19 06:19,1.26948,1.26958,1.26948,1.26949,68,0,0
380,2021.08.19 06:20,1.26949,1.26952,1.26933,1.26933,41,0,0
381,2021.08.19 06:21,1.26933,1.26933,1.26927,1.26927,24,0,0
382,2021.08.19 06:22,1.26926,1.2693,1.2691,1.26924,99,0,0
383,2021.08.19 06:23,1.26923,1.2694,1.26923,1.26933,63,0,0
384,2021.08.19 06:24,1.26932,1.2694,1.26931,1.26934,57,0,0
385,2021.08.19 06:25,1.26935,1.26952,1.26934,1.26946,63,0,0
386,2021.08.19 06:26,1.26947,1.2696,1.26942,1.26942,50,0,0
387,2021.08.19 06:27,1.26944,1.26949,1.2694,1.26949,18,0,0
388,2021.08.19 06:28,1.26949,1.2695,1.26944,1.26945,18,0,0
389,2021.08.19 06:29,1.26945,1.26945,1.26933,1.26937,24,0,0
390,2021.08.19 06:30,1.26937,1.26937,1.26931,1.26931,15,0,0
391,2021.08.19 06:31,1.2693,1.26931,1.26922,1.26929,22,0,0
392,2021.08.19 06:32,1.26929,1.26932,1.26926,1.26929,13,0,0
393,2021.08.19 06:33,1.26927,1.26945,1.26926,1.26935,23,0,0
394,2021.08.19 06:34,1.26935,1.26935,1.26919,1.26923,28,0,0
395,2021.08.19 06:35,1.26923,1.26929,1.26923,1.26927,20,0,0
396,2021.08.19 06:36,1.26927,1.26933,1.26926,1.2693,9,0,0
397,2021.08.19 06:37,1.2693,1.2693,1.26921,1.26922,12,0,0
398,2021.08.19 06:38,1.26922,1.26923,1.26921,1.26922,7,0,0
399,2021.08.19 06:39,1.26922,1.26931,1.26922,1.26931,12,0,0
400,2021.08.19 06:40,1.26931,1.26947,1.26931,1.26941,27,0,0
401,2021.08.19 06:41,1.26939,1.26945,1.26935,1.26943,20,0,0
402,2021.08.19 06:42,1.26943,1.26952,1.26937,1.26942,25,0,0
403,2021.08.19 06:43,1.26942,1.26951,1.26942,1.26944,22,0,0
404,2021.08.19 06:44,1.26944,1.26947,1.26943,1.26945,18,0,0
405,2021.08.19 06:45,1.26945,1.26953,1.26945,1.2695,8,0,0
406,2021.08.19 06:46,1.26947,1.26947,1.26925,1.26925,10,0,0
407,2021.08.19 06:47,1.26926,1.26933,1.26917,1.26924,34,0,0
408,2021.08.19 06:48,1.26924,1.26937,1.26923,1.26937,12,0,0
409,2021.08.19 06:49,1.26937,1.2694,1.26937,1.26938,13,0,0
410,2021.08.19 06:50,1.26938,1.2694,1.26937,1.2694,11,0,0
411,2021.08.19 06:51,1.26942,1.26942,1.26915,1.26916,34,0,0
412,2021.08.19 06:52,1.2692,1.2692,1.26909,1.26911,10,0,0
413,2021.08.19 06:53,1.26918,1.26919,1.26915,1.26919,3,0,0
414,2021.08.19 06:54,1.26912,1.26912,1.26909,1.26912,8,0,0
415,2021.08.19 06:55,1.26911,1.26913,1.26907,1.26908,16,0,0
416,2021.08.19 06:56,1.26908,1.2691,1.26907,1.2691,4,0,0
417,2021.08.19 06:57,1.26911,1.26914,1.26911,1.26914,3,0,0
418,2021.08.19 06:58,1.26914,1.26919,1.26914,1.26915,7,0,0
419,2021.08.19 06:59,1.26915,1.26923,1.26915,1.26921,16,0,0
420,2021.08.19 07:00,1.2692,1.26922,1.26891,1.26893,54,0,0
421,2021.08.19 07:01,1.26893,1.269,1.26889,1.26894,65,0,0
422,2021.08.19 07:02,1.26895,1.26895,1.26889,1.26892,19,0,0
423,2021.08.19 07:03,1.26893,1.26894,1.26882,1.26888,11,0,0
424,2021.08.19 07:04,1.26888,1.26889,1.26888,1.26888,3,0,0
425,2021.08.19 07:05,1.26899,1.269,1.26891,1.26891,29,0,0
426,2021.08.19 07:06,1.26892,1.26899,1.26891,1.26896,39,0,0
427,2021.08.19 07:07,1.26897,1.26899,1.26895,1.26896,8,0,0
428,2021.08.19 07:08,1.26897,1.26898,1.2689,1.26892,37,0,0
429,2021.08.19 07:09,1.26897,1.269,1.26888,1.26895,15,0,0
430,2021.08.19 07:10,1.26896,1.26897,1.26889,1.26889,18,0,0
431,2021.08.19 07:11,1.26896,1.26898,1.26881,1.26881,19,0,0
432,2021.08.19 07:12,1.26882,1.26882,1.26874,1.26876,35,0,0
433,2021.08.19 07:13,1.26877,1.26882,1.26868,1.26868,48,0,0
434,2021.08.19 07:14,1.26873,1.26881,1.26871,1.26872,34,0,0
435,2021.08.19 07:15,1.26871,1.26877,1.26871,1.26872,72,0,0
436,2021.08.19 07:16,1.26874,1.26883,1.26871,1.26882,27,0,0
437,2021.08.19 07:17,1.26882,1.26886,1.26874,1.26885,35,0,0
438,2021.08.19 07:18,1.26886,1.26891,1.26885,1.26887,23,0,0
439,2021.08.19 07:19,1.26888,1.26889,1.26881,1.26885,37,0,0
440,2021.08.19 07:20,1.26884,1.26884,1.2688,1.2688,31,0,0
441,2021.08.19 07:21,1.26882,1.26898,1.26881,1.26895,46,0,0
442,2021.08.19 07:22,1.26894,1.26896,1.26881,1.26882,33,0,0
443,2021.08.19 07:23,1.26883,1.26886,1.26882,1.26886,22,0,0
444,2021.08.19 07:24,1.26888,1.26891,1.26888,1.2689,12,0,0
445,2021.08.19 07:25,1.26891,1.26893,1.2689,1.2689,22,0,0
446,2021.08.19 07:26,1.26891,1.26897,1.2689,1.26891,25,0,0
447,2021.08.19 07:27,1.26891,1.26894,1.26888,1.26891,28,0,0
448,2021.08.19 07:28,1.26892,1.26901,1.26891,1.26901,44,0,0
449,2021.08.19 07:29,1.269,1.26901,1.26898,1.269,21,0,0
450,2021.08.19 07:30,1.26901,1.26901,1.26898,1.269,49,0,0
451,2021.08.19 07:31,1.26901,1.26902,1.26899,1.269,12,0,0
452,2021.08.19 07:32,1.269,1.26908,1.26899,1.26906,44,0,0
453,2021.08.19 07:33,1.26906,1.2691,1.26906,1.26907,14,0,0
454,2021.08.19 07:34,1.26907,1.2691,1.26907,1.26909,8,0,0
455,2021.08.19 07:35,1.2691,1.26919,1.26909,1.26915,13,0,0
456,2021.08.19 07:36,1.26917,1.2694,1.26917,1.2694,24,0,0
457,2021.08.19 07:37,1.26939,1.26951,1.26939,1.26948,27,0,0
458,2021.08.19 07:38,1.26949,1.2695,1.26941,1.26947,48,0,0
459,2021.08.19 07:39,1.26948,1.26948,1.26943,1.26943,24,0,0
460,2021.08.19 07:40,1.26944,1.2695,1.26943,1.26949,33,0,0
461,2021.08.19 07:41,1.26948,1.2695,1.26948,1.26949,13,0,0
462,2021.08.19 07:42,1.26949,1.26949,1.26946,1.26948,16,0,0
463,2021.08.19 07:43,1.26948,1.26948,1.26937,1.2694,22,0,0
464,2021.08.19 07:44,1.2694,1.26949,1.2694,1.26948,62,0,0
465,2021.08.19 07:45,1.26947,1.2695,1.26947,1.26949,23,0,0
466,2021.08.19 07:46,1.26948,1.26948,1.26948,1.26948,1,0,0
467,2021.08.19 07:47,1.26949,1.26956,1.26943,1.26956,24,0,0
468,2021.08.19 07:48,1.26956,1.26958,1.26955,1.26957,24,0,0
469,2021.08.19 07:49,1.26965,1.26967,1.26964,1.26964,21,0,0
470,2021.08.19 07:50,1.26964,1.26966,1.26964,1.26964,13,0,0
471,2021.08.19 07:51,1.26962,1.26965,1.26957,1.26964,32,0,0
472,2021.08.19 07:52,1.26965,1.26965,1.26949,1.26949,38,0,0
473,2021.08.19 07:53,1.2695,1.26951,1.26948,1.26949,20,0,0
474,2021.08.19 07:54,1.26949,1.26961,1.26948,1.26961,37,0,0
475,2021.08.19 07:55,1.2696,1.26983,1.26957,1.26974,37,0,0
476,2021.08.19 07:56,1.26975,1.26975,1.26967,1.26974,13,0,0
477,2021.08.19 07:57,1.26972,1.26976,1.26969,1.26973,36,0,0
478,2021.08.19 07:58,1.26972,1.26977,1.26972,1.26976,49,0,0
479,2021.08.19 07:59,1.26975,1.26975,1.26968,1.26972,36,0,0
480,2021.08.19 08:00,1.26974,1.26993,1.26968,1.26993,72,0,0
481,2021.08.19 08:01,1.26992,1.27003,1.26982,1.27,63,0,0
482,2021.08.19 08:02,1.27001,1.27007,1.27,1.27,45,0,0
483,2021.08.19 08:03,1.27,1.27002,1.26987,1.26987,40,0,0
484,2021.08.19 08:04,1.26986,1.26986,1.26962,1.26962,55,0,0
485,2021.08.19 08:05,1.26962,1.26963,1.26947,1.26953,42,0,0
486,2021.08.19 08:06,1.26953,1.26964,1.26953,1.26964,19,0,0
487,2021.08.19 08:07,1.26964,1.26976,1.26963,1.26971,6,0,0
488,2021.08.19 08:08,1.26971,1.26978,1.2697,1.2697,17,0,0
489,2021.08.19 08:09,1.2697,1.26981,1.2697,1.26978,33,0,0
490,2021.08.19 08:10,1.26979,1.26985,1.26978,1.2698,19,0,0
491,2021.08.19 08:11,1.2698,1.2698,1.26968,1.26976,18,0,0
492,2021.08.19 08:12,1.26976,1.26976,1.26966,1.26968,30,0,0
493,2021.08.19 08:13,1.26968,1.26975,1.26968,1.26968,20,0,0
494,2021.08.19 08:14,1.26968,1.26974,1.26966,1.26967,21,0,0
495,2021.08.19 08:15,1.26973,1.26973,1.26965,1.26968,11,0,0
496,2021.08.19 08:16,1.2696,1.26973,1.2696,1.26964,18,0,0
497,2021.08.19 08:17,1.26964,1.26965,1.26957,1.26964,22,0,0
498,2021.08.19 08:18,1.26964,1.26985,1.26964,1.26982,13,0,0
499,2021.08.19 08:19,1.26982,1.26995,1.26982,1.2699,36,0,0
500,2021.08.19 08:20,1.26989,1.26991,1.26974,1.26987,49,0,0
501,2021.08.19 08:21,1.26987,1.27007,1.26987,1.27007,25,0,0
502,2021.08.19 08:22,1.27006,1.27035,1.27006,1.2703,21,0,0
503,2021.08.19 08:23,1.27028,1.27028,1.27015,1.27015,10,0,0
504,2021.08.19 08:24,1.27015,1.27015,1.27003,1.27008,27,0,0
505,2021.08.19 08:25,1.27008,1.27008,1.27,1.27005,13,0,0
506,2021.08.19 08:26,1.27005,1.27015,1.27005,1.27011,15,0,0
507,2021.08.19 08:27,1.27008,1.27016,1.27008,1.27015,5,0,0
508,2021.08.19 08:28,1.27015,1.27026,1.27015,1.27021,30,0,0
509,2021.08.19 08:29,1.2702,1.27025,1.27016,1.27024,68,0,0
510,2021.08.19 08:30,1.27023,1.27028,1.27009,1.2702,94,0,0
511,2021.08.19 08:31,1.27017,1.27022,1.27009,1.27009,51,0,0
512,2021.08.19 08:32,1.2701,1.27024,1.27007,1.27021,52,0,0
513,2021.08.19 08:33,1.27022,1.27023,1.27019,1.27022,29,0,0
514,2021.08.19 08:34,1.27022,1.27026,1.27019,1.27026,8,0,0
515,2021.08.19 08:35,1.27026,1.27026,1.27,1.27,19,0,0
516,2021.08.19 08:36,1.27,1.27001,1.26991,1.27001,22,0,0
517,2021.08.19 08:37,1.27001,1.27012,1.26999,1.27012,5,0,0
518,2021.08.19 08:38,1.27012,1.27024,1.27012,1.27023,12,0,0
519,2021.08.19 08:39,1.27022,1.27035,1.27015,1.27035,36,0,0
520,2021.08.19 08:40,1.27035,1.27036,1.27031,1.27031,8,0,0
521,2021.08.19 08:41,1.27031,1.2704,1.27029,1.27039,10,0,0
522,2021.08.19 08:42,1.27039,1.27061,1.27033,1.27057,49,0,0
523,2021.08.19 08:43,1.27057,1.27057,1.27037,1.27041,43,0,0
524,2021.08.19 08:44,1.27038,1.2706,1.27033,1.27059,27,0,0
525,2021.08.19 08:45,1.27063,1.27067,1.27061,1.27061,6,0,0
526,2021.08.19 08:46,1.27056,1.27062,1.27044,1.27061,41,0,0
527,2021.08.19 08:47,1.27061,1.27062,1.27057,1.27062,9,0,0
528,2021.08.19 08:48,1.27062,1.27062,1.27043,1.27043,18,0,0
529,2021.08.19 08:49,1.2704,1.27041,1.27036,1.27036,14,0,0
530,2021.08.19 08:50,1.27036,1.27043,1.27029,1.27029,9,0,0
531,2021.08.19 08:51,1.27029,1.27043,1.27029,1.27037,20,0,0
532,2021.08.19 08:52,1.27036,1.27046,1.27036,1.27046,31,0,0
533,2021.08.19 08:53,1.27046,1.27062,1.27046,1.27061,21,0,0
534,2021.08.19 08:54,1.27061,1.27104,1.2706,1.27104,49,0,0
535,2021.08.19 08:55,1.27108,1.27118,1.27095,1.27095,48,0,0
536,2021.08.19 08:56,1.27095,1.271,1.27079,1.27084,52,0,0
537,2021.08.19 08:57,1.27084,1.27099,1.27083,1.2709,47,0,0
538,2021.08.19 08:58,1.2709,1.27095,1.27085,1.27087,33,0,0
539,2021.08.19 08:59,1.27087,1.27113,1.27087,1.27113,28,0,0
540,2021.08.19 09:00,1.27113,1.27121,1.27106,1.27115,59,0,0
541,2021.08.19 09:01,1.27114,1.2712,1.27105,1.27112,89,0,0
542,2021.08.19 09:02,1.27112,1.27122,1.27103,1.27122,33,0,0
543,2021.08.19 09:03,1.27124,1.27135,1.27115,1.27134,64,0,0
544,2021.08.19 09:04,1.27135,1.27152,1.27119,1.27152,126,0,0
545,2021.08.19 09:05,1.27152,1.27156,1.27138,1.27149,131,0,0
546,2021.08.19 09:06,1.2715,1.27186,1.27143,1.27174,116,0,0
547,2021.08.19 09:07,1.27174,1.27195,1.27169,1.27195,25,0,0
548,2021.08.19 09:08,1.27196,1.27199,1.27187,1.27187,45,0,0
549,2021.08.19 09:09,1.27186,1.27195,1.27174,1.27185,129,0,0
550,2021.08.19 09:10,1.27184,1.27212,1.27184,1.27206,109,0,0
551,2021.08.19 09:11,1.27207,1.27226,1.27205,1.27207,54,0,0
552,2021.08.19 09:12,1.27207,1.27209,1.27193,1.27193,31,0,0
553,2021.08.19 09:13,1.27193,1.27199,1.2716,1.2716,30,0,0
554,2021.08.19 09:14,1.2716,1.27176,1.27147,1.27167,49,0,0
555,2021.08.19 09:15,1.27167,1.27195,1.27158,1.27159,51,0,0
556,2021.08.19 09:16,1.27157,1.27161,1.27151,1.2716,19,0,0
557,2021.08.19 09:17,1.2716,1.27173,1.27159,1.27173,17,0,0
558,2021.08.19 09:18,1.27173,1.27173,1.27155,1.27162,34,0,0
559,2021.08.19 09:19,1.27162,1.27165,1.27154,1.2716,81,0,0
560,2021.08.19 09:20,1.27161,1.27193,1.27161,1.27186,56,0,0
561,2021.08.19 09:21,1.27186,1.27189,1.27175,1.27179,79,0,0
562,2021.08.19 09:22,1.27178,1.27224,1.27174,1.27197,52,0,0
563,2021.08.19 09:23,1.27197,1.27208,1.27194,1.27203,79,0,0
564,2021.08.19 09:24,1.27202,1.27205,1.27192,1.27193,61,0,0
565,2021.08.19 09:25,1.27194,1.27202,1.2718,1.27202,76,0,0
566,2021.08.19 09:26,1.27204,1.27224,1.27197,1.27224,65,0,0
567,2021.08.19 09:27,1.27224,1.27233,1.27218,1.27231,75,0,0
568,2021.08.19 09:28,1.27231,1.27253,1.27226,1.27252,69,0,0
569,2021.08.19 09:29,1.27252,1.27268,1.27243,1.27262,66,0,0
570,2021.08.19 09:30,1.2726,1.27261,1.27228,1.27233,48,0,0
571,2021.08.19 09:31,1.27233,1.27249,1.27233,1.27243,33,0,0
572,2021.08.19 09:32,1.27243,1.27243,1.27197,1.27198,41,0,0
573,2021.08.19 09:33,1.27198,1.27198,1.27177,1.27185,38,0,0
574,2021.08.19 09:34,1.27189,1.27203,1.27183,1.27193,85,0,0
575,2021.08.19 09:35,1.27194,1.27203,1.27186,1.2719,63,0,0
576,2021.08.19 09:36,1.27191,1.27202,1.27188,1.27191,27,0,0
577,2021.08.19 09:37,1.27192,1.27208,1.27176,1.27176,40,0,0
578,2021.08.19 09:38,1.27176,1.27201,1.27176,1.27201,24,0,0
579,2021.08.19 09:39,1.27201,1.27201,1.27172,1.27183,68,0,0
580,2021.08.19 09:40,1.27184,1.27195,1.27184,1.27192,73,0,0
581,2021.08.19 09:41,1.27192,1.27197,1.2719,1.27195,44,0,0
582,2021.08.19 09:42,1.27195,1.27212,1.27195,1.27208,61,0,0
583,2021.08.19 09:43,1.27208,1.27216,1.27196,1.27196,28,0,0
584,2021.08.19 09:44,1.27195,1.27198,1.27163,1.27173,41,0,0
585,2021.08.19 09:45,1.27173,1.27179,1.27157,1.27165,41,0,0
586,2021.08.19 09:46,1.27165,1.27175,1.2716,1.27173,27,0,0
587,2021.08.19 09:47,1.27177,1.27186,1.27174,1.27177,43,0,0
588,2021.08.19 09:48,1.27177,1.27182,1.27162,1.27172,29,0,0
589,2021.08.19 09:49,1.27172,1.27175,1.27165,1.27165,15,0,0
590,2021.08.19 09:50,1.27165,1.27165,1.27141,1.27142,29,0,0
591,2021.08.19 09:51,1.27142,1.27145,1.27136,1.27145,18,0,0
592,2021.08.19 09:52,1.27146,1.27171,1.27145,1.27169,63,0,0
593,2021.08.19 09:53,1.27172,1.27181,1.27164,1.27171,31,0,0
594,2021.08.19 09:54,1.2717,1.272,1.27169,1.272,35,0,0
595,2021.08.19 09:55,1.27199,1.27208,1.27173,1.27183,66,0,0
596,2021.08.19 09:56,1.27182,1.27182,1.2717,1.27176,52,0,0
597,2021.08.19 09:57,1.27173,1.27181,1.27164,1.27166,51,0,0
598,2021.08.19 09:58,1.27164,1.27196,1.27162,1.27196,61,0,0
599,2021.08.19 09:59,1.27197,1.27199,1.27183,1.27188,59,0,0
600,2021.08.19 10:00,1.27187,1.27222,1.27172,1.27183,100,0,0
601,2021.08.19 10:01,1.27183,1.27221,1.27183,1.27217,84,0,0
602,2021.08.19 10:02,1.27217,1.27226,1.27207,1.27226,63,0,0
603,2021.08.19 10:03,1.27225,1.27277,1.27223,1.27273,81,0,0
604,2021.08.19 10:04,1.2727,1.27293,1.27269,1.27286,47,0,0
605,2021.08.19 10:05,1.27286,1.27311,1.27282,1.273,50,0,0
606,2021.08.19 10:06,1.27301,1.27346,1.27301,1.2733,81,0,0
607,2021.08.19 10:07,1.2733,1.27345,1.27322,1.27322,59,0,0
608,2021.08.19 10:08,1.27322,1.27352,1.2732,1.2732,80,0,0
609,2021.08.19 10:09,1.27314,1.27314,1.27291,1.27291,65,0,0
610,2021.08.19 10:10,1.2729,1.27318,1.27285,1.27311,60,0,0
611,2021.08.19 10:11,1.27311,1.27327,1.273,1.2732,58,0,0
612,2021.08.19 10:12,1.2732,1.27337,1.27291,1.27291,82,0,0
613,2021.08.19 10:13,1.27292,1.27293,1.27258,1.2726,70,0,0
614,2021.08.19 10:14,1.2726,1.27285,1.27258,1.27277,72,0,0
615,2021.08.19 10:15,1.27276,1.27302,1.27264,1.27302,106,0,0
616,2021.08.19 10:16,1.27303,1.27324,1.27297,1.27318,98,0,0
617,2021.08.19 10:17,1.27318,1.27327,1.273,1.27318,58,0,0
618,2021.08.19 10:18,1.27318,1.27319,1.27292,1.27295,47,0,0
619,2021.08.19 10:19,1.27293,1.27295,1.27248,1.27251,56,0,0
620,2021.08.19 10:20,1.27253,1.27253,1.27218,1.27236,73,0,0
621,2021.08.19 10:21,1.27233,1.27255,1.27228,1.27254,93,0,0
622,2021.08.19 10:22,1.27254,1.27268,1.2724,1.27252,73,0,0
623,2021.08.19 10:23,1.27252,1.27261,1.27248,1.27256,57,0,0
624,2021.08.19 10:24,1.27255,1.27297,1.27255,1.2727,93,0,0
625,2021.08.19 10:25,1.2727,1.27299,1.2727,1.27295,59,0,0
626,2021.08.19 10:26,1.27295,1.2736,1.27295,1.27354,122,0,0
627,2021.08.19 10:27,1.27354,1.27362,1.27336,1.27337,69,0,0
628,2021.08.19 10:28,1.27336,1.27336,1.27298,1.27307,59,0,0
629,2021.08.19 10:29,1.27307,1.2732,1.27264,1.27265,58,0,0
630,2021.08.19 10:30,1.27268,1.27326,1.27268,1.27316,114,0,0
631,2021.08.19 10:31,1.27316,1.27333,1.27303,1.2731,82,0,0
632,2021.08.19 10:32,1.27311,1.27331,1.27311,1.27322,30,0,0
633,2021.08.19 10:33,1.27324,1.27336,1.27318,1.27334,67,0,0
634,2021.08.19 10:34,1.27334,1.27344,1.27321,1.27327,59,0,0
635,2021.08.19 10:35,1.27327,1.27333,1.2731,1.27319,32,0,0
636,2021.08.19 10:36,1.27318,1.27322,1.2731,1.27322,40,0,0
637,2021.08.19 10:37,1.27319,1.27339,1.27316,1.27336,33,0,0
638,2021.08.19 10:38,1.27336,1.27343,1.27304,1.27304,72,0,0
639,2021.08.19 10:39,1.27304,1.2733,1.27304,1.27315,56,0,0
640,2021.08.19 10:40,1.27314,1.27344,1.27314,1.27341,64,0,0
641,2021.08.19 10:41,1.27341,1.27373,1.27336,1.27361,48,0,0
642,2021.08.19 10:42,1.27361,1.27386,1.2736,1.2737,66,0,0
643,2021.08.19 10:43,1.27371,1.27395,1.27371,1.27395,52,0,0
644,2021.08.19 10:44,1.27394,1.27394,1.27352,1.27352,60,0,0
645,2021.08.19 10:45,1.2735,1.2736,1.27335,1.27345,52,0,0
646,2021.08.19 10:46,1.27344,1.27346,1.27318,1.27319,33,0,0
647,2021.08.19 10:47,1.2732,1.2732,1.27296,1.27306,68,0,0
648,2021.08.19 10:48,1.27305,1.27312,1.27273,1.27287,69,0,0
649,2021.08.19 10:49,1.27286,1.27294,1.27269,1.27291,83,0,0
650,2021.08.19 10:50,1.27291,1.27294,1.27262,1.27291,49,0,0
651,2021.08.19 10:51,1.27289,1.27321,1.27289,1.2732,47,0,0
652,2021.08.19 10:52,1.2732,1.27388,1.2732,1.27386,60,0,0
653,2021.08.19 10:53,1.27386,1.27386,1.2736,1.27369,44,0,0
654,2021.08.19 10:54,1.27369,1.27382,1.27361,1.27361,26,0,0
655,2021.08.19 10:55,1.27361,1.27376,1.27361,1.27366,41,0,0
656,2021.08.19 10:56,1.27366,1.27384,1.2736,1.27384,58,0,0
657,2021.08.19 10:57,1.27383,1.27412,1.27383,1.27409,62,0,0
658,2021.08.19 10:58,1.2741,1.27412,1.27387,1.27395,54,0,0
659,2021.08.19 10:59,1.27398,1.27412,1.27351,1.27351,44,0,0
660,2021.08.19 11:00,1.27351,1.27387,1.27351,1.27387,83,0,0
661,2021.08.19 11:01,1.27387,1.27402,1.27378,1.27381,50,0,0
662,2021.08.19 11:02,1.27383,1.27445,1.27383,1.27445,68,0,0
663,2021.08.19 11:03,1.27445,1.27463,1.27439,1.27462,64,0,0
664,2021.08.19 11:04,1.27462,1.27466,1.27431,1.27436,90,0,0
665,2021.08.19 11:05,1.27435,1.27438,1.27423,1.27434,71,0,0
666,2021.08.19 11:06,1.27432,1.27463,1.27431,1.2745,51,0,0
667,2021.08.19 11:07,1.2745,1.27472,1.2745,1.27455,87,0,0
668,2021.08.19 11:08,1.27455,1.27457,1.27419,1.27431,109,0,0
669,2021.08.19 11:09,1.27432,1.27435,1.27418,1.2743,85,0,0
670,2021.08.19 11:10,1.2743,1.2743,1.27407,1.27418,89,0,0
671,2021.08.19 11:11,1.27416,1.2747,1.27416,1.27467,98,0,0
672,2021.08.19 11:12,1.27462,1.27469,1.27449,1.27451,99,0,0
673,2021.08.19 11:13,1.27451,1.27469,1.27451,1.27464,43,0,0
674,2021.08.19 11:14,1.27461,1.2749,1.27456,1.2749,47,0,0
675,2021.08.19 11:15,1.27491,1.275,1.27469,1.27472,62,0,0
676,2021.08.19 11:16,1.27473,1.27497,1.27472,1.27479,47,0,0
677,2021.08.19 11:17,1.27479,1.27488,1.27465,1.27488,50,0,0
678,2021.08.19 11:18,1.27488,1.27502,1.27481,1.27502,44,0,0
679,2021.08.19 11:19,1.27502,1.2751,1.27474,1.27506,80,0,0
680,2021.08.19 11:20,1.27506,1.27522,1.27503,1.27514,65,0,0
681,2021.08.19 11:21,1.27516,1.27519,1.27497,1.27499,60,0,0
682,2021.08.19 11:22,1.27499,1.275,1.27482,1.27482,30,0,0
683,2021.08.19 11:23,1.27482,1.27525,1.27478,1.27518,109,0,0
684,2021.08.19 11:24,1.27517,1.27519,1.27503,1.27514,49,0,0
685,2021.08.19 11:25,1.27514,1.27549,1.27503,1.27505,122,0,0
686,2021.08.19 11:26,1.27504,1.27511,1.27487,1.27498,136,0,0
687,2021.08.19 11:27,1.27498,1.27505,1.27476,1.27477,87,0,0
688,2021.08.19 11:28,1.27478,1.27496,1.27466,1.2747,76,0,0
689,2021.08.19 11:29,1.2747,1.27482,1.27448,1.27452,67,0,0
690,2021.08.19 11:30,1.27452,1.2749,1.27444,1.27483,80,0,0
691,2021.08.19 11:31,1.27484,1.27484,1.27467,1.27472,46,0,0
692,2021.08.19 11:32,1.27472,1.27482,1.27455,1.2747,62,0,0
693,2021.08.19 11:33,1.27472,1.27482,1.27461,1.27471,93,0,0
694,2021.08.19 11:34,1.27471,1.27482,1.27462,1.27469,68,0,0
695,2021.08.19 11:35,1.27468,1.27478,1.27461,1.27473,82,0,0
696,2021.08.19 11:36,1.27473,1.27479,1.27462,1.27472,61,0,0
697,2021.08.19 11:37,1.27472,1.27503,1.27469,1.275,63,0,0
698,2021.08.19 11:38,1.275,1.275,1.27475,1.27489,77,0,0
699,2021.08.19 11:39,1.27488,1.27489,1.27422,1.27423,118,0,0
700,2021.08.19 11:40,1.27424,1.27459,1.27414,1.2745,67,0,0
701,2021.08.19 11:41,1.2745,1.2751,1.27445,1.27481,104,0,0
702,2021.08.19 11:42,1.27481,1.27516,1.2748,1.27514,74,0,0
703,2021.08.19 11:43,1.27513,1.27514,1.27439,1.27439,88,0,0
704,2021.08.19 11:44,1.27439,1.27468,1.27417,1.27468,60,0,0
705,2021.08.19 11:45,1.27468,1.2747,1.27448,1.27463,62,0,0
706,2021.08.19 11:46,1.27464,1.2749,1.27454,1.27482,45,0,0
707,2021.08.19 11:47,1.27482,1.27498,1.27465,1.27473,97,0,0
708,2021.08.19 11:48,1.27471,1.27473,1.27457,1.27465,61,0,0
709,2021.08.19 11:49,1.27465,1.27476,1.27451,1.27476,70,0,0
710,2021.08.19 11:50,1.27476,1.27496,1.2747,1.27489,136,0,0
711,2021.08.19 11:51,1.27488,1.27492,1.27464,1.27492,87,0,0
712,2021.08.19 11:52,1.27493,1.27507,1.2749,1.27499,67,0,0
713,2021.08.19 11:53,1.27499,1.27523,1.27497,1.27503,48,0,0
714,2021.08.19 11:54,1.27502,1.27502,1.27475,1.27489,54,0,0
715,2021.08.19 11:55,1.2749,1.27515,1.27489,1.27514,59,0,0
716,2021.08.19 11:56,1.27514,1.27514,1.27484,1.27484,37,0,0
717,2021.08.19 11:57,1.27483,1.27508,1.27457,1.27499,72,0,0
718,2021.08.19 11:58,1.27499,1.27499,1.2748,1.2749,71,0,0
719,2021.08.19 11:59,1.27491,1.27498,1.27481,1.2749,50,0,0
720,2021.08.19 12:00,1.27491,1.27577,1.27485,1.27569,75,0,0
721,2021.08.19 12:01,1.27567,1.27594,1.27557,1.27591,86,0,0
722,2021.08.19 12:02,1.27591,1.27616,1.27588,1.27605,68,0,0
723,2021.08.19 12:03,1.27606,1.27613,1.27596,1.27605,65,0,0
724,2021.08.19 12:04,1.27604,1.27669,1.27603,1.27666,136,0,0
725,2021.08.19 12:05,1.27665,1.27686,1.27662,1.27683,67,0,0
726,2021.08.19 12:06,1.27683,1.27684,1.27669,1.27675,47,0,0
727,2021.08.19 12:07,1.27677,1.27724,1.27677,1.27697,84,0,0
728,2021.08.19 12:08,1.27696,1.27696,1.27662,1.27662,70,0,0
729,2021.08.19 12:09,1.27662,1.27662,1.27608,1.27616,73,0,0
730,2021.08.19 12:10,1.27616,1.27648,1.2761,1.27634,90,0,0
731,2021.08.19 12:11,1.27634,1.27647,1.27628,1.27647,64,0,0
732,2021.08.19 12:12,1.27644,1.27644,1.27602,1.27626,65,0,0
733,2021.08.19 12:13,1.27624,1.27654,1.27624,1.27654,117,0,0
734,2021.08.19 12:14,1.27653,1.27653,1.27624,1.27638,75,0,0
735,2021.08.19 12:15,1.27637,1.27708,1.27637,1.27702,105,0,0
736,2021.08.19 12:16,1.27705,1.27705,1.2767,1.27691,99,0,0
737,2021.08.19 12:17,1.27692,1.27708,1.27677,1.27695,82,0,0
738,2021.08.19 12:18,1.27694,1.27694,1.27636,1.27644,90,0,0
739,2021.08.19 12:19,1.27648,1.27649,1.27607,1.2762,126,0,0
740,2021.08.19 12:20,1.27621,1.27646,1.2761,1.2762,88,0,0
741,2021.08.19 12:21,1.27619,1.27624,1.27595,1.27595,114,0,0
742,2021.08.19 12:22,1.27595,1.27605,1.27555,1.27565,103,0,0
743,2021.08.19 12:23,1.27569,1.27586,1.27562,1.27573,100,0,0
744,2021.08.19 12:24,1.27572,1.27604,1.27568,1.27594,67,0,0
745,2021.08.19 12:25,1.27592,1.27634,1.2759,1.27631,64,0,0
746,2021.08.19 12:26,1.27631,1.27672,1.27631,1.27669,59,0,0
747,2021.08.19 12:27,1.27669,1.27691,1.27668,1.27673,61,0,0
748,2021.08.19 12:28,1.2767,1.27683,1.27667,1.2768,35,0,0
749,2021.08.19 12:29,1.27677,1.27696,1.27669,1.27684,47,0,0
750,2021.08.19 12:30,1.27684,1.27684,1.2763,1.27635,74,0,0
751,2021.08.19 12:31,1.27635,1.27638,1.27614,1.27618,48,0,0
752,2021.08.19 12:32,1.27618,1.27624,1.27604,1.27609,82,0,0
753,2021.08.19 12:33,1.27609,1.27611,1.27533,1.27537,91,0,0
754,2021.08.19 12:34,1.27538,1.27555,1.27515,1.27518,141,0,0
755,2021.08.19 12:35,1.27518,1.27538,1.27502,1.2751,149,0,0
756,2021.08.19 12:36,1.27509,1.27515,1.27489,1.27505,141,0,0
757,2021.08.19 12:37,1.27505,1.27506,1.27483,1.27483,109,0,0
758,2021.08.19 12:38,1.27483,1.27486,1.27466,1.27481,99,0,0
759,2021.08.19 12:39,1.2748,1.27483,1.27473,1.27477,102,0,0
760,2021.08.19 12:40,1.27477,1.27483,1.27467,1.27478,129,0,0
761,2021.08.19 12:41,1.27477,1.27481,1.27469,1.27477,94,0,0
762,2021.08.19 12:42,1.27481,1.27482,1.27443,1.27451,109,0,0
763,2021.08.19 12:43,1.27451,1.27469,1.27445,1.27459,61,0,0
764,2021.08.19 12:44,1.27458,1.27501,1.27458,1.2748,99,0,0
765,2021.08.19 12:45,1.2748,1.27483,1.27465,1.27473,72,0,0
766,2021.08.19 12:46,1.27473,1.27484,1.27466,1.27469,84,0,0
767,2021.08.19 12:47,1.27469,1.27496,1.27463,1.27491,93,0,0
768,2021.08.19 12:48,1.27486,1.27491,1.27475,1.27491,81,0,0
769,2021.08.19 12:49,1.27492,1.27502,1.27483,1.27483,63,0,0
770,2021.08.19 12:50,1.27482,1.27503,1.2748,1.27497,70,0,0
771,2021.08.19 12:51,1.27497,1.27499,1.27478,1.27491,47,0,0
772,2021.08.19 12:52,1.2749,1.2749,1.27467,1.27467,49,0,0
773,2021.08.19 12:53,1.27467,1.27482,1.27457,1.27457,36,0,0
774,2021.08.19 12:54,1.27457,1.27467,1.2745,1.27456,44,0,0
775,2021.08.19 12:55,1.27457,1.27458,1.27419,1.27431,81,0,0
776,2021.08.19 12:56,1.27432,1.27439,1.27411,1.27416,57,0,0
777,2021.08.19 12:57,1.27417,1.27447,1.27416,1.27447,51,0,0
778,2021.08.19 12:58,1.27448,1.27458,1.2742,1.27434,101,0,0
779,2021.08.19 12:59,1.27435,1.27458,1.27434,1.27458,70,0,0
780,2021.08.19 13:00,1.27458,1.27483,1.27435,1.27475,89,0,0
781,2021.08.19 13:01,1.27475,1.27499,1.27466,1.27466,78,0,0
782,2021.08.19 13:02,1.27467,1.27475,1.27456,1.27463,74,0,0
783,2021.08.19 13:03,1.27461,1.27462,1.27444,1.27459,55,0,0
784,2021.08.19 13:04,1.27459,1.27464,1.27447,1.27455,54,0,0
785,2021.08.19 13:05,1.27454,1.27465,1.27414,1.27417,68,0,0
786,2021.08.19 13:06,1.27416,1.27417,1.27397,1.27398,63,0,0
787,2021.08.19 13:07,1.27397,1.27405,1.2736,1.2736,67,0,0
788,2021.08.19 13:08,1.27363,1.2738,1.27363,1.27373,53,0,0
789,2021.08.19 13:09,1.27373,1.27397,1.27369,1.27391,53,0,0
790,2021.08.19 13:10,1.2739,1.27396,1.27369,1.27374,39,0,0
791,2021.08.19 13:11,1.27375,1.27375,1.27357,1.27368,46,0,0
792,2021.08.19 13:12,1.27367,1.27385,1.27367,1.27383,41,0,0
793,2021.08.19 13:13,1.27383,1.27392,1.27381,1.27383,46,0,0
794,2021.08.19 13:14,1.27384,1.27419,1.27384,1.27417,59,0,0
795,2021.08.19 13:15,1.27416,1.27419,1.27389,1.27396,95,0,0
796,2021.08.19 13:16,1.27398,1.27413,1.2739,1.27409,53,0,0
797,2021.08.19 13:17,1.27409,1.27413,1.27401,1.27413,38,0,0
798,2021.08.19 13:18,1.27413,1.27441,1.27413,1.27416,59,0,0
799,2021.08.19 13:19,1.27416,1.27433,1.27407,1.27426,72,0,0
800,2021.08.19 13:20,1.27426,1.27449,1.27414,1.27449,44,0,0
801,2021.08.19 13:21,1.27448,1.2745,1.27434,1.27441,44,0,0
802,2021.08.19 13:22,1.2744,1.2744,1.27411,1.2742,60,0,0
803,2021.08.19 13:23,1.27419,1.27421,1.27383,1.27384,71,0,0
804,2021.08.19 13:24,1.27384,1.2741,1.27381,1.27381,52,0,0
805,2021.08.19 13:25,1.27379,1.27402,1.27378,1.27393,81,0,0
806,2021.08.19 13:26,1.27394,1.27439,1.27394,1.27434,48,0,0
807,2021.08.19 13:27,1.27434,1.27467,1.27433,1.27464,48,0,0
808,2021.08.19 13:28,1.27464,1.27512,1.2746,1.27502,85,0,0
809,2021.08.19 13:29,1.27502,1.27502,1.27483,1.27483,42,0,0
810,2021.08.19 13:30,1.27481,1.27492,1.27473,1.27489,56,0,0
811,2021.08.19 13:31,1.27484,1.27484,1.2745,1.27454,59,0,0
812,2021.08.19 13:32,1.2745,1.27466,1.27439,1.27466,57,0,0
813,2021.08.19 13:33,1.27466,1.27467,1.27448,1.2745,48,0,0
814,2021.08.19 13:34,1.27448,1.2746,1.27442,1.27442,40,0,0
815,2021.08.19 13:35,1.27442,1.27463,1.2743,1.27459,36,0,0
816,2021.08.19 13:36,1.27458,1.27458,1.27443,1.27446,33,0,0
817,2021.08.19 13:37,1.27444,1.27451,1.27427,1.27429,34,0,0
818,2021.08.19 13:38,1.27431,1.27437,1.27424,1.27431,64,0,0
819,2021.08.19 13:39,1.27432,1.27441,1.27428,1.27438,26,0,0
820,2021.08.19 13:40,1.27438,1.27448,1.27429,1.27441,29,0,0
821,2021.08.19 13:41,1.27441,1.27483,1.27441,1.27482,43,0,0
822,2021.08.19 13:42,1.27481,1.27504,1.27481,1.27497,51,0,0
823,2021.08.19 13:43,1.27497,1.27507,1.27493,1.275,75,0,0
824,2021.08.19 13:44,1.27501,1.27506,1.27475,1.27493,99,0,0
825,2021.08.19 13:45,1.27493,1.27495,1.27471,1.27474,88,0,0
826,2021.08.19 13:46,1.27475,1.27487,1.27474,1.27477,79,0,0
827,2021.08.19 13:47,1.2748,1.27509,1.27478,1.27496,43,0,0
828,2021.08.19 13:48,1.27496,1.27506,1.27493,1.27502,45,0,0
829,2021.08.19 13:49,1.27503,1.27503,1.27484,1.27491,72,0,0
830,2021.08.19 13:50,1.27492,1.27519,1.27489,1.27498,117,0,0
831,2021.08.19 13:51,1.27496,1.27496,1.27456,1.27467,55,0,0
832,2021.08.19 13:52,1.27465,1.2749,1.27462,1.2749,48,0,0
833,2021.08.19 13:53,1.27491,1.27507,1.27482,1.27492,83,0,0
834,2021.08.19 13:54,1.27492,1.27499,1.27471,1.27498,60,0,0
835,2021.08.19 13:55,1.27497,1.27498,1.27467,1.27467,46,0,0
836,2021.08.19 13:56,1.27468,1.27472,1.27457,1.27459,47,0,0
837,2021.08.19 13:57,1.27459,1.2748,1.27441,1.27442,64,0,0
838,2021.08.19 13:58,1.27442,1.27467,1.27441,1.27466,58,0,0
839,2021.08.19 13:59,1.27466,1.27489,1.27466,1.27475,36,0,0
840,2021.08.19 14:00,1.27477,1.2749,1.27456,1.27489,39,0,0
841,2021.08.19 14:01,1.27489,1.27524,1.27489,1.27519,38,0,0
842,2021.08.19 14:02,1.27517,1.27517,1.27495,1.27504,40,0,0
843,2021.08.19 14:03,1.27504,1.27505,1.27481,1.2749,63,0,0
844,2021.08.19 14:04,1.2749,1.27492,1.27457,1.27459,58,0,0
845,2021.08.19 14:05,1.27458,1.2748,1.27451,1.27474,47,0,0
846,2021.08.19 14:06,1.27475,1.2748,1.2747,1.27473,37,0,0
847,2021.08.19 14:07,1.27473,1.27509,1.27473,1.27509,61,0,0
848,2021.08.19 14:08,1.27509,1.27523,1.27502,1.27502,55,0,0
849,2021.08.19 14:09,1.27502,1.27513,1.27502,1.27513,63,0,0
850,2021.08.19 14:10,1.27513,1.27542,1.2751,1.27529,55,0,0
851,2021.08.19 14:11,1.27529,1.27562,1.27523,1.27557,71,0,0
852,2021.08.19 14:12,1.27558,1.27558,1.27543,1.27543,23,0,0
853,2021.08.19 14:13,1.27545,1.27546,1.27521,1.27532,49,0,0
854,2021.08.19 14:14,1.27531,1.27532,1.2752,1.27523,48,0,0
855,2021.08.19 14:15,1.27523,1.27554,1.27521,1.27553,39,0,0
856,2021.08.19 14:16,1.27553,1.27563,1.27548,1.27554,37,0,0
857,2021.08.19 14:17,1.27554,1.27555,1.27536,1.2754,42,0,0
858,2021.08.19 14:18,1.27541,1.27564,1.27541,1.27553,33,0,0
859,2021.08.19 14:19,1.27555,1.27558,1.27529,1.2753,29,0,0
860,2021.08.19 14:20,1.27532,1.27533,1.27522,1.27523,71,0,0
861,2021.08.19 14:21,1.27524,1.27531,1.27515,1.2752,78,0,0
862,2021.08.19 14:22,1.2752,1.27565,1.2752,1.27561,49,0,0
863,2021.08.19 14:23,1.27561,1.27568,1.27528,1.27539,55,0,0
864,2021.08.19 14:24,1.2754,1.2754,1.27519,1.2752,75,0,0
865,2021.08.19 14:25,1.27519,1.27533,1.27519,1.27531,62,0,0
866,2021.08.19 14:26,1.27531,1.27531,1.27526,1.27528,20,0,0
867,2021.08.19 14:27,1.27528,1.2753,1.27518,1.27523,51,0,0
868,2021.08.19 14:28,1.27524,1.27531,1.27517,1.27519,41,0,0
869,2021.08.19 14:29,1.27519,1.27524,1.27504,1.27507,62,0,0
870,2021.08.19 14:30,1.27509,1.27519,1.27508,1.27515,65,0,0
871,2021.08.19 14:31,1.27514,1.27535,1.27514,1.27528,40,0,0
872,2021.08.19 14:32,1.27528,1.27528,1.27504,1.27513,58,0,0
873,2021.08.19 14:33,1.27513,1.2753,1.2748,1.2748,76,0,0
874,2021.08.19 14:34,1.27479,1.27493,1.27471,1.27471,43,0,0
875,2021.08.19 14:35,1.2747,1.2747,1.27446,1.27456,36,0,0
876,2021.08.19 14:36,1.27456,1.2746,1.27414,1.2743,52,0,0
877,2021.08.19 14:37,1.2743,1.27475,1.2743,1.27457,55,0,0
878,2021.08.19 14:38,1.27457,1.27475,1.27456,1.27464,44,0,0
879,2021.08.19 14:39,1.27463,1.27473,1.27448,1.27448,53,0,0
880,2021.08.19 14:40,1.27448,1.27463,1.27437,1.2745,120,0,0
881,2021.08.19 14:41,1.27451,1.27467,1.27449,1.2745,99,0,0
882,2021.08.19 14:42,1.27451,1.27451,1.27424,1.2744,92,0,0
883,2021.08.19 14:43,1.27441,1.27443,1.27422,1.27424,69,0,0
884,2021.08.19 14:44,1.27425,1.27435,1.27404,1.27431,59,0,0
885,2021.08.19 14:45,1.27431,1.27431,1.2739,1.274,71,0,0
886,2021.08.19 14:46,1.27399,1.27417,1.2739,1.27416,88,0,0
887,2021.08.19 14:47,1.27415,1.27417,1.27385,1.27389,64,0,0
888,2021.08.19 14:48,1.27388,1.27408,1.27388,1.27401,110,0,0
889,2021.08.19 14:49,1.27402,1.27419,1.27399,1.27418,92,0,0
890,2021.08.19 14:50,1.27419,1.27433,1.27416,1.27433,48,0,0
891,2021.08.19 14:51,1.27434,1.2744,1.27432,1.2744,30,0,0
892,2021.08.19 14:52,1.2744,1.27454,1.2744,1.27453,77,0,0
893,2021.08.19 14:53,1.27453,1.27482,1.27439,1.2748,107,0,0
894,2021.08.19 14:54,1.27482,1.27485,1.27465,1.27469,73,0,0
895,2021.08.19 14:55,1.27469,1.27476,1.27464,1.27469,45,0,0
896,2021.08.19 14:56,1.27469,1.275,1.27466,1.2749,92,0,0
897,2021.08.19 14:57,1.27489,1.27489,1.2745,1.27458,92,0,0
898,2021.08.19 14:58,1.27458,1.27471,1.27453,1.27461,47,0,0
899,2021.08.19 14:59,1.27461,1.27518,1.27461,1.27507,98,0,0
900,2021.08.19 15:00,1.27508,1.27548,1.27492,1.27537,71,0,0
901,2021.08.19 15:01,1.27537,1.27545,1.27504,1.27545,99,0,0
902,2021.08.19 15:02,1.27546,1.27601,1.27546,1.27576,105,0,0
903,2021.08.19 15:03,1.2758,1.276,1.2758,1.27597,73,0,0
904,2021.08.19 15:04,1.27596,1.27606,1.27578,1.27594,67,0,0
905,2021.08.19 15:05,1.27594,1.27594,1.27551,1.27556,96,0,0
906,2021.08.19 15:06,1.27557,1.27558,1.2752,1.27542,125,0,0
907,2021.08.19 15:07,1.27541,1.27558,1.27528,1.27533,105,0,0
908,2021.08.19 15:08,1.27533,1.27547,1.27526,1.27526,81,0,0
909,2021.08.19 15:09,1.27527,1.27528,1.27484,1.27489,107,0,0
910,2021.08.19 15:10,1.2749,1.27498,1.27475,1.27484,78,0,0
911,2021.08.19 15:11,1.27485,1.27524,1.27485,1.27502,94,0,0
912,2021.08.19 15:12,1.27504,1.27537,1.27502,1.27533,58,0,0
913,2021.08.19 15:13,1.27533,1.27541,1.27506,1.27525,67,0,0
914,2021.08.19 15:14,1.27525,1.27565,1.27525,1.27544,78,0,0
915,2021.08.19 15:15,1.27544,1.2755,1.27526,1.27537,80,0,0
916,2021.08.19 15:16,1.27538,1.27546,1.27515,1.27516,79,0,0
917,2021.08.19 15:17,1.27515,1.27545,1.27507,1.27545,89,0,0
918,2021.08.19 15:18,1.27544,1.27557,1.2754,1.27553,52,0,0
919,2021.08.19 15:19,1.27553,1.27583,1.2755,1.27568,62,0,0
920,2021.08.19 15:20,1.27569,1.27595,1.27566,1.27574,84,0,0
921,2021.08.19 15:21,1.27574,1.27593,1.2755,1.27593,89,0,0
922,2021.08.19 15:22,1.27593,1.27597,1.27477,1.27494,107,0,0
923,2021.08.19 15:23,1.27495,1.2752,1.27473,1.27503,52,0,0
924,2021.08.19 15:24,1.27503,1.2754,1.27496,1.27497,95,0,0
925,2021.08.19 15:25,1.27491,1.27493,1.27445,1.27465,87,0,0
926,2021.08.19 15:26,1.27466,1.27487,1.27458,1.27484,62,0,0
927,2021.08.19 15:27,1.27484,1.27491,1.27472,1.27482,47,0,0
928,2021.08.19 15:28,1.27482,1.27487,1.27479,1.27481,37,0,0
929,2021.08.19 15:29,1.27481,1.27496,1.27468,1.27474,38,0,0
930,2021.08.19 15:30,1.27474,1.27518,1.27471,1.27491,79,0,0
931,2021.08.19 15:31,1.27491,1.27518,1.27491,1.275,48,0,0
932,2021.08.19 15:32,1.275,1.275,1.27472,1.27482,50,0,0
933,2021.08.19 15:33,1.27482,1.27505,1.27473,1.27475,89,0,0
934,2021.08.19 15:34,1.27475,1.27518,1.27475,1.2751,59,0,0
935,2021.08.19 15:35,1.2751,1.27511,1.2747,1.27479,63,0,0
936,2021.08.19 15:36,1.27479,1.27481,1.27453,1.27474,61,0,0
937,2021.08.19 15:37,1.27474,1.27508,1.27472,1.27507,69,0,0
938,2021.08.19 15:38,1.27507,1.27508,1.27454,1.27458,69,0,0
939,2021.08.19 15:39,1.27459,1.2747,1.27448,1.27449,86,0,0
940,2021.08.19 15:40,1.27448,1.27474,1.27445,1.2747,80,0,0
941,2021.08.19 15:41,1.27471,1.27489,1.2746,1.27476,111,0,0
942,2021.08.19 15:42,1.27476,1.27491,1.27464,1.27472,66,0,0
943,2021.08.19 15:43,1.27472,1.27473,1.27443,1.27443,50,0,0
944,2021.08.19 15:44,1.27443,1.27482,1.27443,1.27481,68,0,0
945,2021.08.19 15:45,1.27482,1.27491,1.27471,1.2749,75,0,0
946,2021.08.19 15:46,1.2749,1.27499,1.27486,1.27498,41,0,0
947,2021.08.19 15:47,1.27499,1.27499,1.2748,1.27489,49,0,0
948,2021.08.19 15:48,1.27489,1.27502,1.27473,1.27496,57,0,0
949,2021.08.19 15:49,1.27496,1.27496,1.27473,1.27484,70,0,0
950,2021.08.19 15:50,1.27486,1.27523,1.27486,1.27513,79,0,0
951,2021.08.19 15:51,1.27513,1.2752,1.27497,1.27512,55,0,0
952,2021.08.19 15:52,1.27513,1.27513,1.27488,1.27488,45,0,0
953,2021.08.19 15:53,1.27489,1.27501,1.2748,1.27496,42,0,0
954,2021.08.19 15:54,1.27496,1.27519,1.27496,1.27513,68,0,0
955,2021.08.19 15:55,1.27514,1.27521,1.27499,1.27503,44,0,0
956,2021.08.19 15:56,1.27504,1.27513,1.27488,1.27512,83,0,0
957,2021.08.19 15:57,1.27513,1.27526,1.27498,1.27507,77,0,0
958,2021.08.19 15:58,1.27511,1.27514,1.275,1.27514,58,0,0
959,2021.08.19 15:59,1.27515,1.27552,1.27503,1.27552,82,0,0
960,2021.08.19 16:00,1.27552,1.27561,1.2752,1.27529,142,0,0
961,2021.08.19 16:01,1.27528,1.27591,1.27524,1.27591,88,0,0
962,2021.08.19 16:02,1.27591,1.27604,1.27574,1.27591,96,0,0
963,2021.08.19 16:03,1.27594,1.27595,1.27567,1.27572,93,0,0
964,2021.08.19 16:04,1.27571,1.27595,1.27551,1.27588,105,0,0
965,2021.08.19 16:05,1.27589,1.27602,1.27571,1.27574,65,0,0
966,2021.08.19 16:06,1.27573,1.27575,1.27544,1.27562,81,0,0
967,2021.08.19 16:07,1.2756,1.2756,1.27525,1.2753,110,0,0
968,2021.08.19 16:08,1.27529,1.27537,1.27485,1.27497,118,0,0
969,2021.08.19 16:09,1.27496,1.27552,1.27496,1.27552,76,0,0
970,2021.08.19 16:10,1.27552,1.27552,1.27525,1.27526,83,0,0
971,2021.08.19 16:11,1.27526,1.27529,1.27502,1.27527,103,0,0
972,2021.08.19 16:12,1.27526,1.27536,1.2751,1.27535,89,0,0
973,2021.08.19 16:13,1.27534,1.27552,1.27532,1.27543,84,0,0
974,2021.08.19 16:14,1.27543,1.27547,1.27533,1.27539,71,0,0
975,2021.08.19 16:15,1.27543,1.27571,1.27543,1.27571,73,0,0
976,2021.08.19 16:16,1.27571,1.27571,1.27549,1.27568,91,0,0
977,2021.08.19 16:17,1.27568,1.27579,1.27552,1.27569,92,0,0
978,2021.08.19 16:18,1.2757,1.27587,1.27569,1.27585,71,0,0
979,2021.08.19 16:19,1.27584,1.27591,1.27575,1.27579,68,0,0
980,2021.08.19 16:20,1.27581,1.27662,1.27581,1.27655,113,0,0
981,2021.08.19 16:21,1.27655,1.27684,1.27651,1.2768,73,0,0
982,2021.08.19 16:22,1.27679,1.27679,1.27601,1.27601,86,0,0
983,2021.08.19 16:23,1.27601,1.27633,1.27596,1.27632,85,0,0
984,2021.08.19 16:24,1.27633,1.27653,1.2763,1.27633,78,0,0
985,2021.08.19 16:25,1.27634,1.27651,1.27616,1.2765,45,0,0
986,2021.08.19 16:26,1.2765,1.27651,1.27619,1.27632,45,0,0
987,2021.08.19 16:27,1.27632,1.27653,1.27624,1.27648,57,0,0
988,2021.08.19 16:28,1.27648,1.27653,1.27638,1.27648,45,0,0
989,2021.08.19 16:29,1.27648,1.27663,1.27638,1.27653,63,0,0
990,2021.08.19 16:30,1.27652,1.27655,1.2762,1.27645,143,0,0
991,2021.08.19 16:31,1.27645,1.27645,1.2758,1.27589,153,0,0
992,2021.08.19 16:32,1.27588,1.27589,1.27536,1.27547,131,0,0
993,2021.08.19 16:33,1.27547,1.27578,1.27528,1.27537,117,0,0
994,2021.08.19 16:34,1.27537,1.27538,1.27487,1.27506,95,0,0
995,2021.08.19 16:35,1.27507,1.27555,1.27507,1.27529,138,0,0
996,2021.08.19 16:36,1.2753,1.27577,1.2753,1.27563,154,0,0
997,2021.08.19 16:37,1.27562,1.27614,1.27557,1.27602,111,0,0
998,2021.08.19 16:38,1.27601,1.27624,1.27569,1.27612,139,0,0
999,2021.08.19 16:39,1.2761,1.2762,1.27543,1.27544,161,0,0
1000,2021.08.19 16:40,1.27543,1.27603,1.27543,1.27603,139,0,0
1001,2021.08.19 16:41,1.27603,1.27624,1.27579,1.27604,123,0,0
1002,2021.08.19 16:42,1.27605,1.27609,1.27573,1.27584,117,0,0
1003,2021.08.19 16:43,1.27582,1.27618,1.27578,1.27612,80,0,0
1004,2021.08.19 16:44,1.2761,1.27644,1.27606,1.27624,99,0,0
1005,2021.08.19 16:45,1.27626,1.27649,1.27585,1.27587,157,0,0
1006,2021.08.19 16:46,1.27585,1.27586,1.27512,1.27538,197,0,0
1007,2021.08.19 16:47,1.27541,1.27592,1.27532,1.27587,116,0,0
1008,2021.08.19 16:48,1.27587,1.27621,1.27578,1.27614,115,0,0
1009,2021.08.19 16:49,1.27614,1.27674,1.27614,1.27666,199,0,0
1010,2021.08.19 16:50,1.27666,1.27681,1.27599,1.27599,127,0,0
1011,2021.08.19 16:51,1.27598,1.27642,1.27594,1.27617,175,0,0
1012,2021.08.19 16:52,1.27617,1.27673,1.27615,1.27673,168,0,0
1013,2021.08.19 16:53,1.27672,1.27691,1.27632,1.27666,121,0,0
1014,2021.08.19 16:54,1.27665,1.27665,1.27625,1.2764,114,0,0
1015,2021.08.19 16:55,1.27637,1.27676,1.2763,1.2763,123,0,0
1016,2021.08.19 16:56,1.27631,1.27646,1.27612,1.27613,127,0,0
1017,2021.08.19 16:57,1.27614,1.27617,1.27562,1.27581,131,0,0
1018,2021.08.19 16:58,1.27579,1.2758,1.27542,1.27571,110,0,0
1019,2021.08.19 16:59,1.27573,1.27583,1.2755,1.27569,90,0,0
1020,2021.08.19 17:00,1.27568,1.27653,1.27561,1.27597,204,0,0
1021,2021.08.19 17:01,1.27594,1.27606,1.27558,1.27558,116,0,0
1022,2021.08.19 17:02,1.27557,1.2761,1.27557,1.2757,195,0,0
1023,2021.08.19 17:03,1.2757,1.27584,1.27542,1.27569,109,0,0
1024,2021.08.19 17:04,1.27569,1.2758,1.27531,1.27571,110,0,0
1025,2021.08.19 17:05,1.27573,1.27618,1.27571,1.27594,146,0,0
1026,2021.08.19 17:06,1.27594,1.27649,1.27585,1.27649,106,0,0
1027,2021.08.19 17:07,1.2765,1.27682,1.27636,1.27666,141,0,0
1028,2021.08.19 17:08,1.27672,1.27689,1.27641,1.27666,138,0,0
1029,2021.08.19 17:09,1.27666,1.27683,1.27657,1.27674,125,0,0
1030,2021.08.19 17:10,1.27669,1.27672,1.27629,1.2766,118,0,0
1031,2021.08.19 17:11,1.2766,1.27667,1.27619,1.27625,159,0,0
1032,2021.08.19 17:12,1.27626,1.27629,1.27592,1.27619,115,0,0
1033,2021.08.19 17:13,1.27618,1.27626,1.27584,1.27587,103,0,0
1034,2021.08.19 17:14,1.27585,1.27604,1.27579,1.27593,99,0,0
1035,2021.08.19 17:15,1.27594,1.27603,1.27569,1.27603,94,0,0
1036,2021.08.19 17:16,1.27603,1.27632,1.27591,1.27632,92,0,0
1037,2021.08.19 17:17,1.27633,1.2766,1.27623,1.27655,75,0,0
1038,2021.08.19 17:18,1.27655,1.27655,1.2761,1.27616,94,0,0
1039,2021.08.19 17:19,1.27614,1.27635,1.27591,1.27635,110,0,0
1040,2021.08.19 17:20,1.27638,1.27638,1.27593,1.27635,102,0,0
1041,2021.08.19 17:21,1.27636,1.27642,1.27622,1.2764,76,0,0
1042,2021.08.19 17:22,1.2764,1.27647,1.276,1.27613,89,0,0
1043,2021.08.19 17:23,1.27611,1.27625,1.276,1.2762,129,0,0
1044,2021.08.19 17:24,1.2762,1.2765,1.27618,1.27644,76,0,0
1045,2021.08.19 17:25,1.27643,1.27669,1.27639,1.27667,64,0,0
1046,2021.08.19 17:26,1.27669,1.27692,1.27662,1.27689,68,0,0
1047,2021.08.19 17:27,1.27688,1.27707,1.27676,1.27707,48,0,0
1048,2021.08.19 17:28,1.27703,1.27707,1.27699,1.27699,24,0,0
1049,2021.08.19 17:29,1.277,1.27739,1.2769,1.27732,59,0,0
1050,2021.08.19 17:30,1.27732,1.27791,1.27729,1.27789,105,0,0
1051,2021.08.19 17:31,1.27784,1.27837,1.27784,1.27829,109,0,0
1052,2021.08.19 17:32,1.27829,1.27868,1.27811,1.27868,97,0,0
1053,2021.08.19 17:33,1.27868,1.27918,1.27868,1.27911,90,0,0
1054,2021.08.19 17:34,1.27912,1.27938,1.27891,1.27938,104,0,0
1055,2021.08.19 17:35,1.27937,1.27981,1.27936,1.27975,119,0,0
1056,2021.08.19 17:36,1.27975,1.27975,1.2792,1.27949,114,0,0
1057,2021.08.19 17:37,1.27949,1.27951,1.279,1.27926,123,0,0
1058,2021.08.19 17:38,1.27926,1.28003,1.27923,1.27956,135,0,0
1059,2021.08.19 17:39,1.27956,1.27963,1.27921,1.27939,135,0,0
1060,2021.08.19 17:40,1.27939,1.28007,1.27939,1.28007,130,0,0
1061,2021.08.19 17:41,1.28004,1.28005,1.27932,1.27956,117,0,0
1062,2021.08.19 17:42,1.27955,1.27979,1.27954,1.27971,105,0,0
1063,2021.08.19 17:43,1.27971,1.27991,1.27958,1.27975,98,0,0
1064,2021.08.19 17:44,1.27975,1.27989,1.27964,1.27982,89,0,0
1065,2021.08.19 17:45,1.27979,1.28006,1.27969,1.28002,115,0,0
1066,2021.08.19 17:46,1.28004,1.28013,1.27986,1.2801,123,0,0
1067,2021.08.19 17:47,1.28011,1.28031,1.28003,1.28015,110,0,0
1068,2021.08.19 17:48,1.28015,1.28047,1.28015,1.28034,70,0,0
1069,2021.08.19 17:49,1.28034,1.28045,1.28024,1.28039,51,0,0
1070,2021.08.19 17:50,1.28047,1.2818,1.28047,1.28175,143,0,0
1071,2021.08.19 17:51,1.28172,1.28174,1.28092,1.28136,201,0,0
1072,2021.08.19 17:52,1.28135,1.28136,1.28075,1.28127,145,0,0
1073,2021.08.19 17:53,1.28129,1.28143,1.28085,1.28111,174,0,0
1074,2021.08.19 17:54,1.28116,1.28142,1.2811,1.28142,146,0,0
1075,2021.08.19 17:55,1.28142,1.28155,1.28126,1.28143,90,0,0
1076,2021.08.19 17:56,1.28143,1.28166,1.28143,1.28162,62,0,0
1077,2021.08.19 17:57,1.28162,1.28162,1.28119,1.28132,154,0,0
1078,2021.08.19 17:58,1.28131,1.28148,1.28105,1.28132,167,0,0
1079,2021.08.19 17:59,1.28132,1.28134,1.28086,1.28132,143,0,0
1080,2021.08.19 18:00,1.28131,1.28134,1.28083,1.28119,145,0,0
1081,2021.08.19 18:01,1.28119,1.28145,1.28118,1.28124,114,0,0
1082,2021.08.19 18:02,1.28123,1.28149,1.28085,1.28091,107,0,0
1083,2021.08.19 18:03,1.28091,1.281,1.28068,1.28093,83,0,0
1084,2021.08.19 18:04,1.28094,1.28097,1.2803,1.28036,107,0,0
1085,2021.08.19 18:05,1.28038,1.281,1.28037,1.28083,83,0,0
1086,2021.08.19 18:06,1.28083,1.28109,1.28065,1.28106,112,0,0
1087,2021.08.19 18:07,1.28107,1.28125,1.28092,1.28109,142,0,0
1088,2021.08.19 18:08,1.28108,1.28114,1.28075,1.28099,89,0,0
1089,2021.08.19 18:09,1.281,1.281,1.28054,1.28065,77,0,0
1090,2021.08.19 18:10,1.28065,1.28092,1.28065,1.28078,86,0,0
1091,2021.08.19 18:11,1.28079,1.28082,1.28047,1.28047,115,0,0
1092,2021.08.19 18:12,1.28046,1.28067,1.2804,1.28065,135,0,0
1093,2021.08.19 18:13,1.28065,1.28067,1.28041,1.28049,73,0,0
1094,2021.08.19 18:14,1.28049,1.28054,1.28024,1.28025,54,0,0
1095,2021.08.19 18:15,1.28023,1.28029,1.28001,1.28013,112,0,0
1096,2021.08.19 18:16,1.28013,1.28039,1.28002,1.28014,139,0,0
1097,2021.08.19 18:17,1.28014,1.28023,1.2799,1.2799,123,0,0
1098,2021.08.19 18:18,1.27991,1.27997,1.2795,1.27962,86,0,0
1099,2021.08.19 18:19,1.27963,1.27963,1.27899,1.27932,116,0,0
1100,2021.08.19 18:20,1.27932,1.27935,1.27913,1.27915,77,0,0
1101,2021.08.19 18:21,1.27914,1.27919,1.27897,1.27911,63,0,0
1102,2021.08.19 18:22,1.27911,1.27915,1.27862,1.27886,77,0,0
1103,2021.08.19 18:23,1.27886,1.27902,1.27885,1.27895,35,0,0
1104,2021.08.19 18:24,1.27896,1.27903,1.27888,1.279,26,0,0
1105,2021.08.19 18:25,1.27898,1.27918,1.27887,1.27892,43,0,0
1106,2021.08.19 18:26,1.27894,1.27916,1.27893,1.27913,46,0,0
1107,2021.08.19 18:27,1.27914,1.27978,1.27914,1.27978,84,0,0
1108,2021.08.19 18:28,1.27978,1.27986,1.27934,1.27939,51,0,0
1109,2021.08.19 18:29,1.2794,1.27951,1.2791,1.27913,78,0,0
1110,2021.08.19 18:30,1.27913,1.2792,1.27876,1.27919,126,0,0
1111,2021.08.19 18:31,1.27919,1.27919,1.27893,1.27899,98,0,0
1112,2021.08.19 18:32,1.27899,1.27904,1.27878,1.27888,94,0,0
1113,2021.08.19 18:33,1.27887,1.27888,1.2787,1.27879,103,0,0
1114,2021.08.19 18:34,1.2788,1.27915,1.27878,1.27904,77,0,0
1115,2021.08.19 18:35,1.27904,1.27986,1.279,1.27967,81,0,0
1116,2021.08.19 18:36,1.27968,1.2797,1.27915,1.27915,79,0,0
1117,2021.08.19 18:37,1.27913,1.27924,1.27887,1.27895,80,0,0
1118,2021.08.19 18:38,1.27895,1.27896,1.27864,1.27866,74,0,0
1119,2021.08.19 18:39,1.27867,1.27871,1.27842,1.2787,83,0,0
1120,2021.08.19 18:40,1.2787,1.27884,1.27862,1.27879,106,0,0
1121,2021.08.19 18:41,1.27884,1.27898,1.27874,1.27876,54,0,0
1122,2021.08.19 18:42,1.27877,1.27877,1.27845,1.27855,45,0,0
1123,2021.08.19 18:43,1.27855,1.27855,1.27814,1.27814,81,0,0
1124,2021.08.19 18:44,1.27814,1.27814,1.27788,1.2779,76,0,0
1125,2021.08.19 18:45,1.27789,1.27795,1.27732,1.2775,98,0,0
1126,2021.08.19 18:46,1.27749,1.27764,1.27726,1.27729,100,0,0
1127,2021.08.19 18:47,1.27729,1.27745,1.27698,1.27698,93,0,0
1128,2021.08.19 18:48,1.27695,1.27732,1.27691,1.27727,95,0,0
1129,2021.08.19 18:49,1.27727,1.27734,1.2771,1.27731,65,0,0
1130,2021.08.19 18:50,1.2773,1.2773,1.27704,1.27711,75,0,0
1131,2021.08.19 18:51,1.27713,1.27745,1.27713,1.27731,63,0,0
1132,2021.08.19 18:52,1.27731,1.27748,1.27716,1.27735,66,0,0
1133,2021.08.19 18:53,1.27736,1.27741,1.27725,1.27736,63,0,0
1134,2021.08.19 18:54,1.27733,1.27742,1.27727,1.27737,108,0,0
1135,2021.08.19 18:55,1.27735,1.27794,1.27735,1.27784,157,0,0
1136,2021.08.19 18:56,1.27785,1.27831,1.27759,1.27823,184,0,0
1137,2021.08.19 18:57,1.27825,1.2789,1.27819,1.27873,211,0,0
1138,2021.08.19 18:58,1.27869,1.2793,1.27852,1.27913,195,0,0
1139,2021.08.19 18:59,1.2792,1.27943,1.27914,1.27927,172,0,0
1140,2021.08.19 19:00,1.27934,1.27934,1.27901,1.27903,106,0,0
1141,2021.08.19 19:01,1.27903,1.27913,1.27885,1.27896,45,0,0
1142,2021.08.19 19:02,1.27894,1.27905,1.27882,1.27901,52,0,0
1143,2021.08.19 19:03,1.27901,1.27912,1.27882,1.27887,70,0,0
1144,2021.08.19 19:04,1.27886,1.27913,1.27881,1.27905,87,0,0
1145,2021.08.19 19:05,1.27905,1.27917,1.27892,1.27914,87,0,0
1146,2021.08.19 19:06,1.27915,1.27942,1.27913,1.27939,106,0,0
1147,2021.08.19 19:07,1.27938,1.27953,1.27934,1.27953,83,0,0
1148,2021.08.19 19:08,1.27952,1.27959,1.27939,1.27956,70,0,0
1149,2021.08.19 19:09,1.27955,1.27962,1.27939,1.27962,72,0,0
1150,2021.08.19 19:10,1.27962,1.27967,1.27945,1.27946,65,0,0
1151,2021.08.19 19:11,1.27945,1.27977,1.27931,1.27977,105,0,0
1152,2021.08.19 19:12,1.27977,1.27977,1.27955,1.27971,45,0,0
1153,2021.08.19 19:13,1.2797,1.27993,1.27969,1.27985,62,0,0
1154,2021.08.19 19:14,1.27985,1.27985,1.27964,1.27976,46,0,0
1155,2021.08.19 19:15,1.27976,1.28011,1.27976,1.28008,76,0,0
1156,2021.08.19 19:16,1.28008,1.28021,1.28001,1.28001,52,0,0
1157,2021.08.19 19:17,1.28001,1.28018,1.27985,1.28008,66,0,0
1158,2021.08.19 19:18,1.28004,1.28004,1.27958,1.27958,54,0,0
1159,2021.08.19 19:19,1.27959,1.27959,1.27935,1.27953,55,0,0
1160,2021.08.19 19:20,1.27952,1.27956,1.27942,1.27942,39,0,0
1161,2021.08.19 19:21,1.27942,1.27953,1.27942,1.27951,50,0,0
1162,2021.08.19 19:22,1.27951,1.27954,1.27935,1.2795,36,0,0
1163,2021.08.19 19:23,1.27946,1.27978,1.27944,1.27972,111,0,0
1164,2021.08.19 19:24,1.27972,1.2801,1.27971,1.28008,118,0,0
1165,2021.08.19 19:25,1.28008,1.2801,1.27983,1.27996,74,0,0
1166,2021.08.19 19:26,1.27997,1.28016,1.27996,1.28013,42,0,0
1167,2021.08.19 19:27,1.28013,1.28017,1.28001,1.28005,28,0,0
1168,2021.08.19 19:28,1.28005,1.28036,1.28005,1.28025,59,0,0
1169,2021.08.19 19:29,1.28026,1.28044,1.28025,1.28044,49,0,0
1170,2021.08.19 19:30,1.28044,1.28045,1.28029,1.28038,77,0,0
1171,2021.08.19 19:31,1.28036,1.28083,1.28035,1.28077,92,0,0
1172,2021.08.19 19:32,1.28076,1.28084,1.2805,1.28051,68,0,0
1173,2021.08.19 19:33,1.2805,1.28054,1.28041,1.28042,51,0,0
1174,2021.08.19 19:34,1.28041,1.28051,1.28036,1.28039,52,0,0
1175,2021.08.19 19:35,1.28038,1.28067,1.28037,1.28056,52,0,0
1176,2021.08.19 19:36,1.28059,1.28059,1.28047,1.2805,77,0,0
1177,2021.08.19 19:37,1.2805,1.28053,1.2804,1.28046,20,0,0
1178,2021.08.19 19:38,1.28047,1.28051,1.27998,1.27998,85,0,0
1179,2021.08.19 19:39,1.27992,1.27992,1.27966,1.27969,27,0,0
1180,2021.08.19 19:40,1.27972,1.27986,1.27972,1.27982,24,0,0
1181,2021.08.19 19:41,1.27982,1.27982,1.27969,1.27981,31,0,0
1182,2021.08.19 19:42,1.27981,1.28001,1.27981,1.28,24,0,0
1183,2021.08.19 19:43,1.28,1.28011,1.27992,1.27996,41,0,0
1184,2021.08.19 19:44,1.27996,1.28016,1.27995,1.28016,30,0,0
1185,2021.08.19 19:45,1.28015,1.28041,1.28014,1.28041,59,0,0
1186,2021.08.19 19:46,1.28038,1.2805,1.28032,1.28047,36,0,0
1187,2021.08.19 19:47,1.28047,1.28071,1.28047,1.28066,29,0,0
1188,2021.08.19 19:48,1.28066,1.28071,1.28048,1.28048,41,0,0
1189,2021.08.19 19:49,1.28044,1.28051,1.28034,1.2804,63,0,0
1190,2021.08.19 19:50,1.2804,1.2804,1.2801,1.28016,61,0,0
1191,2021.08.19 19:51,1.28016,1.2803,1.2801,1.28013,40,0,0
1192,2021.08.19 19:52,1.28012,1.28012,1.28,1.28,73,0,0
1193,2021.08.19 19:53,1.28,1.28015,1.28,1.28011,18,0,0
1194,2021.08.19 19:54,1.28012,1.28018,1.28007,1.28015,31,0,0
1195,2021.08.19 19:55,1.28017,1.28025,1.28005,1.28024,49,0,0
1196,2021.08.19 19:56,1.28024,1.28028,1.28007,1.28023,68,0,0
1197,2021.08.19 19:57,1.28024,1.28041,1.2802,1.28034,65,0,0
1198,2021.08.19 19:58,1.28034,1.28034,1.28023,1.28031,51,0,0
1199,2021.08.19 19:59,1.28026,1.28029,1.2801,1.28016,71,0,0
1200,2021.08.19 20:00,1.28016,1.28041,1.28014,1.28034,79,0,0
1201,2021.08.19 20:01,1.28035,1.28081,1.28033,1.28081,67,0,0
1202,2021.08.19 20:02,1.2808,1.28091,1.28076,1.28081,62,0,0
1203,2021.08.19 20:03,1.28081,1.28085,1.28059,1.28059,41,0,0
1204,2021.08.19 20:04,1.28059,1.2808,1.28039,1.2806,40,0,0
1205,2021.08.19 20:05,1.28061,1.28085,1.28057,1.28082,66,0,0
1206,2021.08.19 20:06,1.28082,1.28082,1.28074,1.28074,33,0,0
1207,2021.08.19 20:07,1.28074,1.28114,1.28071,1.28109,42,0,0
1208,2021.08.19 20:08,1.28109,1.28116,1.28105,1.28109,83,0,0
1209,2021.08.19 20:09,1.28109,1.28143,1.28109,1.28118,91,0,0
1210,2021.08.19 20:10,1.28118,1.28129,1.28106,1.28128,59,0,0
1211,2021.08.19 20:11,1.2813,1.28133,1.28119,1.28133,81,0,0
1212,2021.08.19 20:12,1.28135,1.28141,1.28108,1.28118,115,0,0
1213,2021.08.19 20:13,1.28119,1.28127,1.28109,1.2811,42,0,0
1214,2021.08.19 20:14,1.28109,1.28118,1.28101,1.28114,55,0,0
1215,2021.08.19 20:15,1.28115,1.28143,1.28115,1.2814,41,0,0
1216,2021.08.19 20:16,1.2814,1.28141,1.28127,1.28133,22,0,0
1217,2021.08.19 20:17,1.28133,1.28134,1.28114,1.28114,28,0,0
1218,2021.08.19 20:18,1.28119,1.28122,1.28099,1.28099,46,0,0
1219,2021.08.19 20:19,1.28098,1.28108,1.28094,1.28106,99,0,0
1220,2021.08.19 20:20,1.28107,1.28108,1.28089,1.28093,49,0,0
1221,2021.08.19 20:21,1.28095,1.28099,1.28091,1.28093,37,0,0
1222,2021.08.19 20:22,1.28096,1.28099,1.28074,1.28081,78,0,0
1223,2021.08.19 20:23,1.28081,1.28084,1.28074,1.28083,17,0,0
1224,2021.08.19 20:24,1.28082,1.28087,1.28073,1.28077,90,0,0
1225,2021.08.19 20:25,1.28076,1.28081,1.28061,1.28066,53,0,0
1226,2021.08.19 20:26,1.28067,1.28106,1.28067,1.28101,83,0,0
1227,2021.08.19 20:27,1.28101,1.28108,1.28099,1.28107,84,0,0
1228,2021.08.19 20:28,1.28107,1.2812,1.28094,1.28107,63,0,0
1229,2021.08.19 20:29,1.28107,1.28125,1.28107,1.28124,82,0,0
1230,2021.08.19 20:30,1.28127,1.28134,1.28118,1.28132,40,0,0
1231,2021.08.19 20:31,1.28132,1.28138,1.28126,1.2813,26,0,0
1232,2021.08.19 20:32,1.28128,1.28133,1.28121,1.2813,50,0,0
1233,2021.08.19 20:33,1.2813,1.28146,1.2813,1.28142,47,0,0
1234,2021.08.19 20:34,1.28141,1.28141,1.28098,1.28098,85,0,0
1235,2021.08.19 20:35,1.28099,1.28113,1.28096,1.28108,75,0,0
1236,2021.08.19 20:36,1.28109,1.28109,1.28099,1.28104,58,0,0
1237,2021.08.19 20:37,1.28104,1.28117,1.28104,1.28115,51,0,0
1238,2021.08.19 20:38,1.28115,1.28118,1.28106,1.28106,8,0,0
1239,2021.08.19 20:39,1.28106,1.28108,1.28089,1.28089,43,0,0
1240,2021.08.19 20:40,1.28092,1.28096,1.28074,1.28078,69,0,0
1241,2021.08.19 20:41,1.2808,1.28084,1.28066,1.28067,44,0,0
1242,2021.08.19 20:42,1.28069,1.28082,1.28066,1.28072,49,0,0
1243,2021.08.19 20:43,1.28072,1.28115,1.28072,1.28114,56,0,0
1244,2021.08.19 20:44,1.28115,1.28119,1.28106,1.28106,81,0,0
1245,2021.08.19 20:45,1.28106,1.28132,1.28106,1.28122,95,0,0
1246,2021.08.19 20:46,1.28123,1.28127,1.28114,1.28122,77,0,0
1247,2021.08.19 20:47,1.28123,1.28133,1.28114,1.28132,89,0,0
1248,2021.08.19 20:48,1.28132,1.28139,1.28129,1.28135,68,0,0
1249,2021.08.19 20:49,1.28135,1.28135,1.28097,1.28101,78,0,0
1250,2021.08.19 20:50,1.281,1.2811,1.28098,1.2811,41,0,0
1251,2021.08.19 20:51,1.28109,1.28126,1.28109,1.28119,47,0,0
1252,2021.08.19 20:52,1.28121,1.28129,1.2812,1.28124,61,0,0
1253,2021.08.19 20:53,1.28125,1.28131,1.28113,1.28116,37,0,0
1254,2021.08.19 20:54,1.28116,1.28124,1.28114,1.28123,24,0,0
1255,2021.08.19 20:55,1.28123,1.28132,1.28116,1.28131,26,0,0
1256,2021.08.19 20:56,1.28133,1.28155,1.28133,1.28155,37,0,0
1257,2021.08.19 20:57,1.28155,1.28161,1.28147,1.28155,29,0,0
1258,2021.08.19 20:58,1.28155,1.28158,1.28139,1.28158,42,0,0
1259,2021.08.19 20:59,1.2816,1.28173,1.28149,1.28163,87,0,0
1260,2021.08.19 21:00,1.28164,1.28169,1.28154,1.28156,53,0,0
1261,2021.08.19 21:01,1.28155,1.28165,1.28119,1.28121,135,0,0
1262,2021.08.19 21:02,1.2812,1.28145,1.2812,1.28131,71,0,0
1263,2021.08.19 21:03,1.28132,1.28169,1.28132,1.28164,60,0,0
1264,2021.08.19 21:04,1.28166,1.28171,1.28157,1.28157,39,0,0
1265,2021.08.19 21:05,1.28161,1.28168,1.28154,1.28154,16,0,0
1266,2021.08.19 21:06,1.28155,1.28155,1.2813,1.2813,44,0,0
1267,2021.08.19 21:07,1.2813,1.2814,1.28129,1.28138,91,0,0
1268,2021.08.19 21:08,1.28143,1.28156,1.28136,1.28138,67,0,0
1269,2021.08.19 21:09,1.28138,1.28149,1.28132,1.28138,32,0,0
1270,2021.08.19 21:10,1.28138,1.28157,1.28138,1.28156,72,0,0
1271,2021.08.19 21:11,1.28154,1.28165,1.28133,1.28144,94,0,0
1272,2021.08.19 21:12,1.28144,1.28149,1.28131,1.28136,101,0,0
1273,2021.08.19 21:13,1.28138,1.28155,1.28135,1.28154,29,0,0
1274,2021.08.19 21:14,1.28154,1.28171,1.28153,1.28162,91,0,0
1275,2021.08.19 21:15,1.28163,1.28163,1.28144,1.28152,145,0,0
1276,2021.08.19 21:16,1.28151,1.28171,1.28151,1.28166,87,0,0
1277,2021.08.19 21:17,1.28165,1.28169,1.28161,1.28167,32,0,0
1278,2021.08.19 21:18,1.28168,1.2817,1.28154,1.28164,56,0,0
1279,2021.08.19 21:19,1.28165,1.28169,1.28152,1.28154,103,0,0
1280,2021.08.19 21:20,1.28155,1.28165,1.28155,1.28162,50,0,0
1281,2021.08.19 21:21,1.28163,1.28169,1.28155,1.28169,46,0,0
1282,2021.08.19 21:22,1.28169,1.28225,1.28169,1.28217,83,0,0
1283,2021.08.19 21:23,1.28218,1.28223,1.28199,1.28199,84,0,0
1284,2021.08.19 21:24,1.28199,1.28205,1.28189,1.28191,69,0,0
1285,2021.08.19 21:25,1.28191,1.28206,1.28187,1.28205,85,0,0
1286,2021.08.19 21:26,1.28205,1.2822,1.28205,1.28214,31,0,0
1287,2021.08.19 21:27,1.28214,1.28233,1.28214,1.28233,62,0,0
1288,2021.08.19 21:28,1.28233,1.28264,1.28228,1.28236,90,0,0
1289,2021.08.19 21:29,1.28236,1.28289,1.28233,1.28269,123,0,0
1290,2021.08.19 21:30,1.28269,1.28303,1.28265,1.28281,159,0,0
1291,2021.08.19 21:31,1.28282,1.28291,1.28271,1.28271,134,0,0
1292,2021.08.19 21:32,1.2827,1.28284,1.2824,1.28243,171,0,0
1293,2021.08.19 21:33,1.28245,1.28253,1.28195,1.28212,122,0,0
1294,2021.08.19 21:34,1.28211,1.28225,1.28179,1.28187,91,0,0
1295,2021.08.19 21:35,1.28187,1.28198,1.28163,1.28167,96,0,0
1296,2021.08.19 21:36,1.28167,1.28189,1.28152,1.2816,126,0,0
1297,2021.08.19 21:37,1.2816,1.28192,1.28149,1.28185,112,0,0
1298,2021.08.19 21:38,1.28186,1.28206,1.28186,1.28198,128,0,0
1299,2021.08.19 21:39,1.28199,1.28202,1.28178,1.28184,79,0,0
1300,2021.08.19 21:40,1.28186,1.28212,1.28186,1.28206,91,0,0
1301,2021.08.19 21:41,1.28206,1.28206,1.28175,1.28192,115,0,0
1302,2021.08.19 21:42,1.28189,1.28198,1.2818,1.28187,104,0,0
1303,2021.08.19 21:43,1.28188,1.28197,1.28179,1.28191,63,0,0
1304,2021.08.19 21:44,1.28192,1.28199,1.28183,1.28198,41,0,0
1305,2021.08.19 21:45,1.28201,1.2823,1.282,1.28229,85,0,0
1306,2021.08.19 21:46,1.2823,1.28235,1.28217,1.28233,98,0,0
1307,2021.08.19 21:47,1.28233,1.28239,1.2818,1.28181,104,0,0
1308,2021.08.19 21:48,1.28181,1.28181,1.28164,1.28172,98,0,0
1309,2021.08.19 21:49,1.28173,1.28177,1.28159,1.2816,103,0,0
1310,2021.08.19 21:50,1.28159,1.2822,1.28159,1.28215,132,0,0
1311,2021.08.19 21:51,1.28214,1.28215,1.28198,1.28202,119,0,0
1312,2021.08.19 21:52,1.28202,1.28222,1.282,1.28206,134,0,0
1313,2021.08.19 21:53,1.28204,1.2821,1.28166,1.28172,128,0,0
1314,2021.08.19 21:54,1.28173,1.28184,1.28169,1.28173,45,0,0
1315,2021.08.19 21:55,1.28173,1.28191,1.28172,1.28172,38,0,0
1316,2021.08.19 21:56,1.28172,1.2819,1.28172,1.28186,27,0,0
1317,2021.08.19 21:57,1.28186,1.28191,1.28173,1.28189,39,0,0
1318,2021.08.19 21:58,1.28189,1.28207,1.28189,1.28196,45,0,0
1319,2021.08.19 21:59,1.28197,1.28216,1.28193,1.28213,38,0,0
1320,2021.08.19 22:00,1.28213,1.28213,1.2818,1.28182,67,0,0
1321,2021.08.19 22:01,1.28181,1.28206,1.2818,1.28206,48,0,0
1322,2021.08.19 22:02,1.28205,1.28205,1.28176,1.28195,85,0,0
1323,2021.08.19 22:03,1.28196,1.28206,1.28186,1.28203,102,0,0
1324,2021.08.19 22:04,1.28203,1.28207,1.28198,1.28206,72,0,0
1325,2021.08.19 22:05,1.28204,1.28219,1.28188,1.28218,59,0,0
1326,2021.08.19 22:06,1.28217,1.28233,1.28212,1.28221,61,0,0
1327,2021.08.19 22:07,1.28221,1.28222,1.28206,1.28216,53,0,0
1328,2021.08.19 22:08,1.28216,1.28216,1.28209,1.28211,27,0,0
1329,2021.08.19 22:09,1.28212,1.28218,1.28207,1.2821,60,0,0
1330,2021.08.19 22:10,1.28211,1.2823,1.28204,1.28229,58,0,0
1331,2021.08.19 22:11,1.28228,1.28237,1.28217,1.28233,88,0,0
1332,2021.08.19 22:12,1.28233,1.28248,1.28232,1.28243,85,0,0
1333,2021.08.19 22:13,1.28242,1.28264,1.2824,1.28264,83,0,0
1334,2021.08.19 22:14,1.28264,1.28283,1.28262,1.28275,76,0,0
1335,2021.08.19 22:15,1.28276,1.28276,1.28238,1.28242,76,0,0
1336,2021.08.19 22:16,1.28241,1.28254,1.28238,1.28251,71,0,0
1337,2021.08.19 22:17,1.28251,1.28259,1.28237,1.28241,89,0,0
1338,2021.08.19 22:18,1.28242,1.28247,1.28219,1.28244,66,0,0
1339,2021.08.19 22:19,1.28245,1.2825,1.28236,1.28243,50,0,0
1340,2021.08.19 22:20,1.28243,1.28259,1.28238,1.28259,113,0,0
1341,2021.08.19 22:21,1.28259,1.28259,1.28229,1.28232,103,0,0
1342,2021.08.19 22:22,1.28231,1.28236,1.28212,1.28212,69,0,0
1343,2021.08.19 22:23,1.28212,1.28222,1.2821,1.2821,36,0,0
1344,2021.08.19 22:24,1.2821,1.28213,1.282,1.28203,39,0,0
1345,2021.08.19 22:25,1.28203,1.28212,1.28202,1.28203,55,0,0
1346,2021.08.19 22:26,1.28203,1.28206,1.28199,1.28206,41,0,0
1347,2021.08.19 22:27,1.28206,1.28227,1.28205,1.28225,120,0,0
1348,2021.08.19 22:28,1.28224,1.28224,1.28214,1.28214,12,0,0
1349,2021.08.19 22:29,1.28213,1.28217,1.28213,1.28213,5,0,0
1350,2021.08.19 22:30,1.28213,1.28228,1.28213,1.28225,92,0,0
1351,2021.08.19 22:31,1.28225,1.28227,1.28213,1.28213,57,0,0
1352,2021.08.19 22:32,1.28213,1.28217,1.28204,1.28214,35,0,0
1353,2021.08.19 22:33,1.28214,1.28217,1.28207,1.2821,13,0,0
1354,2021.08.19 22:34,1.28211,1.28211,1.28195,1.28206,70,0,0
1355,2021.08.19 22:35,1.28206,1.2821,1.28206,1.28207,25,0,0
1356,2021.08.19 22:36,1.28208,1.28209,1.28203,1.28207,43,0,0
1357,2021.08.19 22:37,1.28207,1.2823,1.28204,1.28206,65,0,0
1358,2021.08.19 22:38,1.28206,1.2821,1.28203,1.28204,40,0,0
1359,2021.08.19 22:39,1.28204,1.28212,1.28203,1.28206,59,0,0
1360,2021.08.19 22:40,1.28205,1.28213,1.28204,1.28207,81,0,0
1361,2021.08.19 22:41,1.28207,1.28212,1.28197,1.28198,93,0,0
1362,2021.08.19 22:42,1.28199,1.282,1.28191,1.28196,37,0,0
1363,2021.08.19 22:43,1.28196,1.28212,1.28196,1.28207,25,0,0
1364,2021.08.19 22:44,1.28207,1.28213,1.28196,1.28206,33,0,0
1365,2021.08.19 22:45,1.28206,1.28223,1.28206,1.28218,13,0,0
1366,2021.08.19 22:46,1.28219,1.28228,1.28208,1.28221,42,0,0
1367,2021.08.19 22:47,1.28221,1.28222,1.28215,1.28221,19,0,0
1368,2021.08.19 22:48,1.28223,1.28227,1.28215,1.28215,37,0,0
1369,2021.08.19 22:49,1.28215,1.28215,1.28195,1.28196,43,0,0
1370,2021.08.19 22:50,1.28197,1.28199,1.2818,1.28197,66,0,0
1371,2021.08.19 22:51,1.28197,1.28212,1.28195,1.2821,53,0,0
1372,2021.08.19 22:52,1.28212,1.28228,1.28212,1.28226,56,0,0
1373,2021.08.19 22:53,1.28226,1.28245,1.28226,1.28239,46,0,0
1374,2021.08.19 22:54,1.28239,1.28249,1.28235,1.28249,58,0,0
1375,2021.08.19 22:55,1.28248,1.28261,1.28241,1.28256,65,0,0
1376,2021.08.19 22:56,1.28257,1.28257,1.28246,1.2825,38,0,0
1377,2021.08.19 22:57,1.28249,1.2825,1.28229,1.28238,52,0,0
1378,2021.08.19 22:58,1.28239,1.28253,1.28239,1.28241,72,0,0
1379,2021.08.19 22:59,1.28243,1.28244,1.28231,1.28244,91,0,0
1380,2021.08.19 23:00,1.28244,1.28254,1.28237,1.28249,72,0,0
1381,2021.08.19 23:01,1.2825,1.28252,1.28222,1.28223,58,0,0
1382,2021.08.19 23:02,1.28223,1.2824,1.28219,1.28237,45,0,0
1383,2021.08.19 23:03,1.28237,1.28239,1.28234,1.28239,15,0,0
1384,2021.08.19 23:04,1.28236,1.28236,1.28221,1.28222,17,0,0
1385,2021.08.19 23:05,1.28219,1.28222,1.28219,1.28221,5,0,0
1386,2021.08.19 23:06,1.28223,1.28243,1.2822,1.28239,20,0,0
1387,2021.08.19 23:07,1.28239,1.28239,1.28212,1.28215,18,0,0
1388,2021.08.19 23:08,1.28215,1.28223,1.28211,1.28222,20,0,0
1389,2021.08.19 23:09,1.28222,1.28238,1.28222,1.28225,23,0,0
1390,2021.08.19 23:10,1.28224,1.28224,1.28211,1.28221,27,0,0
1391,2021.08.19 23:11,1.28218,1.28218,1.28208,1.28213,10,0,0
1392,2021.08.19 23:12,1.28213,1.28218,1.28213,1.28217,8,0,0
1393,2021.08.19 23:13,1.28217,1.28226,1.28217,1.28221,10,0,0
1394,2021.08.19 23:14,1.28221,1.28229,1.28221,1.28227,10,0,0
1395,2021.08.19 23:15,1.28225,1.28237,1.28225,1.28235,10,0,0
1396,2021.08.19 23:16,1.28235,1.28235,1.2823,1.28234,7,0,0
1397,2021.08.19 23:17,1.28234,1.28242,1.28234,1.28238,5,0,0
1398,2021.08.19 23:18,1.28234,1.28242,1.28231,1.28231,15,0,0
1399,2021.08.19 23:19,1.28231,1.28239,1.28226,1.28239,12,0,0
1400,2021.08.19 23:20,1.28239,1.28249,1.28239,1.28246,20,0,0
1401,2021.08.19 23:21,1.28242,1.28252,1.28242,1.2825,16,0,0
1402,2021.08.19 23:22,1.28245,1.28248,1.28244,1.28245,5,0,0
1403,2021.08.19 23:23,1.28245,1.28248,1.28239,1.28244,8,0,0
1404,2021.08.19 23:24,1.28244,1.28256,1.28244,1.28255,11,0,0
1405,2021.08.19 23:25,1.28255,1.28266,1.28255,1.28265,19,0,0
1406,2021.08.19 23:26,1.28265,1.28267,1.28265,1.28266,11,0,0
1407,2021.08.19 23:27,1.28265,1.28265,1.2826,1.28261,5,0,0
1408,2021.08.19 23:28,1.28259,1.2826,1.28259,1.2826,2,0,0
1409,2021.08.19 23:29,1.2826,1.28261,1.28244,1.28244,10,0,0
1410,2021.08.19 23:30,1.28244,1.28246,1.2824,1.2824,12,0,0
1411,2021.08.19 23:31,1.2824,1.28243,1.28227,1.28231,15,0,0
1412,2021.08.19 23:32,1.28231,1.2826,1.28231,1.28258,29,0,0
1413,2021.08.19 23:33,1.28258,1.28262,1.28249,1.28251,18,0,0
1414,2021.08.19 23:34,1.28254,1.28259,1.28254,1.28259,24,0,0
1415,2021.08.19 23:35,1.28259,1.28259,1.28252,1.28254,24,0,0
1416,2021.08.19 23:36,1.28252,1.28254,1.28248,1.28248,18,0,0
1417,2021.08.19 23:37,1.28248,1.2825,1.28229,1.28236,14,0,0
1418,2021.08.19 23:38,1.28235,1.28241,1.28234,1.28239,12,0,0
1419,2021.08.19 23:39,1.28238,1.28239,1.28238,1.28238,7,0,0
1420,2021.08.19 23:40,1.28238,1.2824,1.28238,1.2824,5,0,0
1421,2021.08.19 23:41,1.2824,1.28256,1.28233,1.28256,17,0,0
1422,2021.08.19 23:42,1.28255,1.28259,1.28254,1.28254,12,0,0
1423,2021.08.19 23:43,1.28254,1.28281,1.28254,1.28277,17,0,0
1424,2021.08.19 23:44,1.28277,1.2828,1.28275,1.28279,12,0,0
1425,2021.08.19 23:45,1.28279,1.28285,1.28274,1.28274,18,0,0
1426,2021.08.19 23:46,1.28275,1.28281,1.28269,1.28274,17,0,0
1427,2021.08.19 23:47,1.28271,1.28278,1.28271,1.28277,5,0,0
1428,2021.08.19 23:48,1.28278,1.28281,1.28277,1.2828,7,0,0
1429,2021.08.19 23:49,1.28285,1.28286,1.28275,1.28278,18,0,0
1430,2021.08.19 23:50,1.28278,1.28278,1.28278,1.28278,1,0,0
1431,2021.08.19 23:51,1.28278,1.28285,1.28276,1.28281,16,0,0
1432,2021.08.19 23:52,1.2828,1.28288,1.28279,1.28288,19,0,0
1433,2021.08.19 23:53,1.2829,1.28295,1.28286,1.28293,10,0,0
1434,2021.08.19 23:54,1.28293,1.28296,1.28283,1.28295,16,0,0
1435,2021.08.19 23:55,1.28295,1.28297,1.28286,1.2829,14,0,0
1436,2021.08.19 23:56,1.2829,1.28294,1.2829,1.28293,10,0,0
1437,2021.08.19 23:57,1.28293,1.28295,1.28289,1.28294,16,0,0
1438,2021.08.19 23:58,1.28293,1.28293,1.28271,1.28284,47,0,0
1439,2021.08.19 23:59,1.28284,1.28284,1.2826,1.2826,8,0,0
