time,ask_open,bid_open,ask_close,bid_close,ask_high,bid_high,ask_low,bid_low,spread_open,spread_close,ask_volume,bid_volume,tick_volume,correct_trades,max_rets,min_rets,naieve_buy_rets,naieve_sell_rets,border_correct_trades,border_max_rets,border_min_rets
2021-06-24 00:00:00,8.483810000000002,8.48029,8.48208,8.47827,8.48404,8.480400000000001,8.481010000000001,8.47762,0.003520000000001744,0.003809999999999647,1017359999.8952,969500000.0,969,hold,0.0,-0.0007567149612684893,-0.0006530084950042085,-0.00021107768720170374,hold,0.0,-0.0006530084950042085
2021-06-24 00:09:00,8.48209,8.47847,8.48279,8.47938,8.483419999999999,8.48105,8.48198,8.47847,0.0036199999999997345,0.003409999999998803,971430000.1863999,683500000.0,683,hold,0.0,-0.000583831752662818,-0.0003194967278110298,-0.000509525893233081,hold,0.0,-0.000509525893233081
2021-06-24 00:18:00,8.48282,8.47938,8.48139,8.47775,8.48299,8.479439999999999,8.48109,8.47739,0.0034399999999994435,0.0036399999999989774,573220000.0288,442500000.0,442,hold,0.0,-0.0006601445952428783,-0.0005976786021629491,-0.00023704563305318465,hold,0.0,-0.0005976786021629491
2021-06-24 00:27:00,8.48139,8.47775,8.48225,8.47915,8.48255,8.47922,8.48119,8.47761,0.0036399999999989774,0.0030999999999998806,612689999.6999999,372750000.0,371,hold,0.0,-0.0005827114009726209,-0.00026410765216535115,-0.0005308012149450232,hold,0.0,-0.0005308012149450232
2021-06-24 00:36:00,8.48232,8.47915,8.482180000000001,8.47914,8.482800000000001,8.47968,8.48189,8.47821,0.003169999999999007,0.003040000000002152,589719999.6712,362380000.1144,359,hold,0.0,-0.0005413878637118349,-0.0003748974337210109,-0.0003573471397487666,hold,0.0,-0.0003748974337210109
2021-06-24 00:45:00,8.482180000000001,8.47914,8.48189,8.4785,8.484060000000001,8.480739999999999,8.48103,8.47775,0.003040000000002152,0.00338999999999956,2672600000.024,2281900000.572,2251,hold,0.0,-0.0007437476868387216,-0.00043385073176954687,-0.0003243253443156613,hold,0.0,-0.00043385073176954687
2021-06-24 00:54:00,8.48192,8.4785,8.4819,8.478950000000001,8.48299,8.479650000000001,8.480500000000001,8.47739,0.0034200000000002007,0.002949999999998454,559980000.1384,510750000.0,509,hold,0.0,-0.0006605806740045443,-0.00035015656832409087,-0.00040101433036494443,hold,0.0,-0.00035015656832409087
2021-06-24 01:03:00,8.48198,8.47909,8.48369,8.48005,8.48369,8.48005,8.47984,8.47692,0.0028900000000007253,0.0036399999999989774,324990000.0096,307000000.0,307,buy,2.4764618200453274e-05,-0.0007986391283626009,-0.00022754121089648468,-0.0005425110477657317,hold,0.0,-0.0005425110477657317
2021-06-24 01:12:00,8.48371,8.48005,8.48211,8.47922,8.484169999999999,8.48103,8.481910000000001,8.47914,0.0036599999999999966,0.0028900000000007253,449860000.0144,325440000.0572,324,hold,0.0,-0.0005928688369044522,-0.0005292495853819318,-0.00024292309597233187,hold,0.0,-0.0005292495853819318
2021-06-24 01:21:00,8.482180000000001,8.479289999999999,8.483270000000001,8.47997,8.48352,8.48039,8.48178,8.47863,0.0028900000000025017,0.003300000000001191,216080000.75700003,191000000.0,191,hold,0.0,-0.00057674412021749,-0.0002605462275030239,-0.00046937892205622093,hold,0.0,-0.00046937892205622093
2021-06-24 01:30:00,8.483419999999999,8.48013,8.48751,8.485570000000001,8.488010000000001,8.486089999999999,8.48318,8.48013,0.0032899999999980167,0.0019399999999993867,300220000.0286,285000000.0,285,buy,0.00034303174045560643,-0.0009292310377317457,0.0002534355248239619,-0.0008702696774695078,buy,0.0002534355248239619,-0.0008702696774695078
2021-06-24 01:39:00,8.48751,8.485430000000001,8.486780000000001,8.48333,8.48864,8.48587,8.485439999999999,8.48199,0.0020799999999994156,0.0034500000000008413,241750000.0,312370000.00479996,235,sell,5.067247082520528e-05,-0.000783399932144665,-0.0004924883740932088,-0.00015909623908280502,hold,0.0,-0.0004924883740932088
2021-06-24 01:48:00,8.486780000000001,8.48333,8.48344,8.48018,8.48681,8.48335,8.483369999999999,8.480110000000002,0.0034500000000008413,0.0032599999999991525,895190000.0572,1274409997.9415998,893,hold,0.0,-0.000789460350826588,-0.0007776801095351364,-1.296660627364353e-05,hold,0.0,-0.0007776801095351364
2021-06-24 01:57:00,8.48344,8.48013,8.482669999999999,8.47948,8.48419,8.48129,8.482230000000001,8.47898,0.003309999999999036,0.00318999999999825,999000000.0,1671359996.9168,994,hold,0.0,-0.0006140833715416483,-0.00046679177314854555,-0.000299523710131565,hold,0.0,-0.00046679177314854555
2021-06-24 02:06:00,8.482669999999999,8.479460000000001,8.48508,8.48198,8.485439999999999,8.482310000000002,8.482660000000001,8.479460000000001,0.0032099999999974926,0.0030999999999998806,818000000.0,1627769999.0279999,818,hold,0.0,-0.0007052335879876114,-8.134231321019764e-05,-0.0006627780542627273,hold,0.0,-0.0006627780542627273
2021-06-24 02:15:00,8.48508,8.48198,8.485710000000001,8.48263,8.486360000000001,8.48318,8.48439,8.480910000000002,0.0030999999999998806,0.003080000000000638,296690000.0572,477240000.0096,295,hold,0.0,-0.000642619718874476,-0.0002887421214649266,-0.0004397558117327439,hold,0.0,-0.0004397558117327439
2021-06-24 02:24:00,8.48559,8.48248,8.48185,8.47894,8.48576,8.48276,8.481,8.47829,0.003109999999999502,0.002909999999999968,309690000.0572,316340000.0334,300,sell,0.00020747964106032375,-0.0008802982879555183,-0.0007836815118336484,7.427073214449296e-05,sell,7.427073214449296e-05,-0.0007836815118336484
2021-06-24 02:33:00,8.48185,8.47921,8.481689999999999,8.47912,8.482660000000001,8.479880000000001,8.48105,8.47831,0.0026399999999995316,0.002569999999998629,464380000.1144,416000000.0,416,hold,0.0,-0.000512810839996006,-0.0003218637443481879,-0.00029248007774291277,hold,0.0,-0.0003218637443481879
2021-06-24 02:42:00,8.481689999999999,8.47906,8.4823,8.47981,8.48264,8.47994,8.480780000000001,8.47808,0.002629999999998134,0.002489999999999881,420990000.0096,401000000.0,401,hold,0.0,-0.0005378576281421826,-0.00022165393925009116,-0.0003821178290989696,hold,0.0,-0.0003821178290989696
2021-06-24 02:51:00,8.48224,8.479800000000001,8.47787,8.474480000000002,8.48258,8.479800000000001,8.47733,8.4739,0.0024399999999982214,0.0033899999999977837,1035149999.9764,968599999.5472,926,sell,0.0002912804547277811,-0.001023273579500579,-0.0009148526804237497,0.00022759970754045395,sell,0.00022759970754045395,-0.0009148526804237497
2021-06-24 03:00:00,8.477810000000002,8.47447,8.48059,8.47686,8.48139,8.477710000000002,8.47767,8.47403,0.003340000000001453,0.003729999999999123,1075770000.1008,757120000.0048,756,buy,4.718277545839648e-06,-0.000868535985829467,-0.00011205724119806158,-0.0007221690559998722,hold,0.0,-0.0007221690559998722
2021-06-24 03:09:00,8.48056,8.47686,8.47805,8.474689999999999,8.48385,8.48,8.47803,8.474689999999999,0.0037000000000002586,0.0033600000000006958,1339800000.072,1203000000.0,1201,sell,0.0002323113207547202,-0.001079698485946992,-0.0006921712717086602,-0.0001403821698128031,hold,0.0,-0.0006921712717086602
2021-06-24 03:18:00,8.47746,8.474689999999999,8.480580000000002,8.476880000000001,8.482050000000001,8.47948,8.47686,8.47444,0.0027700000000017155,0.0037000000000002586,1237560000.0623999,1032160000.8008,966,buy,0.00030907671000822103,-0.0008979944397507622,-6.8416719158729e-05,-0.0006950106729570776,hold,0.0,-0.0006950106729570776
2021-06-24 03:27:00,8.48059,8.47692,8.48039,8.47674,8.48104,8.477010000000002,8.47989,8.47598,0.003669999999999618,0.003650000000000375,567180000.0672,571960000.0383999,520,hold,0.0,-0.0005969811160479716,-0.0004539778482393217,-0.00040934679105147676,hold,0.0,-0.0004539778482393217
2021-06-24 03:36:00,8.48042,8.47674,8.48142,8.47819,8.481589999999999,8.478200000000001,8.48018,8.476,0.003680000000001016,0.003230000000000288,752700000.048,732480000.0192,717,hold,0.0,-0.00065950920245375,-0.00026295867421670654,-0.0005520990380736535,hold,0.0,-0.0005520990380736535
2021-06-24 03:45:00,8.48142,8.47823,8.48142,8.4778,8.48202,8.47984,8.48108,8.47751,0.003190000000000026,0.0036199999999997345,6100329991.5832,3045250000.0,3021,hold,0.0,-0.0005319958336822713,-0.0004268153210193263,-0.00037625778022063876,hold,0.0,-0.0004268153210193263
2021-06-24 03:54:00,8.48142,8.47783,8.48265,8.4792,8.482750000000001,8.47955,8.48119,8.47759,0.003589999999999094,0.003449999999999065,1348300000.072,898500000.0,795,hold,0.0,-0.000608663547069607,-0.000261748622282524,-0.000568541714094139,hold,0.0,-0.000568541714094139
2021-06-24 04:03:00,8.48265,8.479130000000001,8.48352,8.48005,8.48429,8.48056,8.48135,8.478200000000001,0.0035199999999981912,0.003470000000000084,1002860000.0143999,984250000.0,860,hold,0.0,-0.00071831284942542,-0.0003065079898379952,-0.0005177417966228852,hold,0.0,-0.0005177417966228852
2021-06-24 04:12:00,8.48344,8.48005,8.48358,8.47979,8.48419,8.480269999999999,8.48237,8.478950000000001,0.00338999999999956,0.003790000000000404,1415850000.024,1372250000.0,1347,hold,0.0,-0.0006176193602452092,-0.0004302499929274416,-0.00041627113047677653,hold,0.0,-0.00041627113047677653
2021-06-24 04:21:00,8.483500000000001,8.47977,8.483500000000001,8.47968,8.48499,8.48115,8.48294,8.479230000000001,0.0037300000000008993,0.0038200000000010448,1774090000.0335999,1688370000.0047998,1669,hold,0.0,-0.0006793069653728763,-0.000450285849001125,-0.0004398704210138835,hold,0.0,-0.000450285849001125
2021-06-24 04:30:00,8.48351,8.47959,8.48258,8.47875,8.48409,8.47978,8.48215,8.47827,0.003920000000000812,0.003830000000000666,842280000.0912,786000000.0,778,hold,0.0,-0.000685989894025162,-0.0005610885117128388,-0.00035261138805065955,hold,0.0,-0.0005610885117128388
2021-06-24 04:39:00,8.482569999999999,8.4787,8.482510000000001,8.478380000000001,8.483089999999999,8.479410000000001,8.48172,8.47775,0.003869999999999152,0.004129999999999967,780590000.1536,674740000.0095999,671,hold,0.0,-0.000629487604162937,-0.0004939540728809425,-0.00044936134077174845,hold,0.0,-0.0004939540728809425
2021-06-24 04:48:00,8.482510000000001,8.47847,8.48216,8.47842,8.48259,8.4787,8.48145,8.47749,0.004040000000001598,0.0037400000000005207,770410000.0864,714000000.0,713,hold,0.0,-0.0006015931602397111,-0.00048216860339704646,-0.0004352200338033439,hold,0.0,-0.00048216860339704646
2021-06-24 04:57:00,8.48216,8.478380000000001,8.484119999999999,8.48118,8.48449,8.4818,8.48216,8.478330000000001,0.0037799999999990064,0.0029399999999988324,1224980000.0191998,1231500000.0,1157,hold,0.0,-0.000726558178320226,-0.00011553660859972022,-0.0006770161280807932,hold,0.0,-0.0006770161280807932
2021-06-24 05:06:00,8.484119999999999,8.48118,8.483080000000001,8.48051,8.484660000000002,8.481539999999999,8.48039,8.47747,0.0029399999999988324,0.0025700000000004053,421440000.0572,407000000.0,400,sell,0.00013558858414852685,-0.0008474116817882343,-0.0004255008179986065,-0.00022402543042370296,hold,0.0,-0.0004255008179986065
2021-06-24 05:15:00,8.483160000000002,8.48051,8.48409,8.481380000000001,8.484580000000001,8.48174,8.48279,8.48007,0.0026500000000009294,0.002709999999998658,632190000.0572,608000000.0,608,hold,0.0,-0.0005318352324923696,-0.00020982746995224828,-0.00042214442291789905,hold,0.0,-0.00042214442291789905
2021-06-24 05:24:00,8.48404,8.481380000000001,8.48649,8.48455,8.48751,8.48513,8.483600000000001,8.48103,0.0026599999999987745,0.0019399999999993867,539480000.1380999,522250000.0,506,buy,0.00018034796548622295,-0.0007640581391646792,6.011287075499791e-05,-0.00060249629187684,buy,6.011287075499791e-05,-0.00060249629187684
2021-06-24 05:33:00,8.48649,8.48438,8.4882,8.485489999999999,8.489030000000001,8.48651,8.486289999999999,8.484160000000001,0.0021100000000000563,0.0027100000000022106,845750000.0,839940000.0572,812,buy,2.5924167098028642e-05,-0.0005740108625957518,-0.00011783434611968224,-0.00045023914534721984,hold,0.0,-0.00045023914534721984
2021-06-24 05:42:00,8.488280000000001,8.485489999999999,8.48889,8.48635,8.490089999999999,8.486989999999999,8.48695,8.48419,0.0027900000000027347,0.0025399999999997647,425750000.0,412250000.0,405,buy,4.71311837568098e-06,-0.00069541111172648,-0.00022737232984792457,-0.0004006839911426398,hold,0.0,-0.0004006839911426398
2021-06-24 05:51:00,8.48889,8.48635,8.48969,8.486960000000002,8.48969,8.486960000000002,8.48724,8.48429,0.0025399999999997647,0.0027299999999979008,579780000.6863999,630620000.0048,540,hold,0.0,-0.000636470464823792,-0.0002273559911835339,-0.0003935732087410579,hold,0.0,-0.0003935732087410579
2021-06-24 06:00:00,8.489370000000001,8.487400000000001,8.484110000000001,8.4825,8.49271,8.49077,8.48404,8.482360000000002,0.0019700000000000273,0.0016100000000012216,624190000.0572,550500000.0,544,sell,0.0007926254038207651,-0.0012186922666615216,-0.0008092473293072444,0.0003876334330890252,sell,0.0003876334330890252,-0.0008092473293072444
2021-06-24 06:09:00,8.48408,8.48247,8.48274,8.481020000000001,8.48638,8.484760000000001,8.481539999999999,8.479980000000001,0.0016100000000012216,0.0017199999999988336,559060000.062,620680000.0668,551,buy,0.00037964803561646156,-0.0007547187611290704,-0.00036067552404027523,-3.183035130102866e-05,hold,0.0,-0.00036067552404027523
2021-06-24 06:18:00,8.48301,8.481250000000001,8.48152,8.479700000000001,8.484250000000001,8.48263,8.47898,8.47723,0.0017599999999990956,0.0018199999999986005,1085070000.5292,988360000.3716,849,sell,0.00043029107717775916,-0.0008274155052008948,-0.00039019168903479257,-3.183492999247283e-05,hold,0.0,-0.00039019168903479257
2021-06-24 06:27:00,8.481430000000001,8.479700000000001,8.477310000000001,8.4757,8.482000000000001,8.480189999999999,8.476389999999999,8.47478,0.0017300000000002314,0.0016100000000012216,941890000.3434,814980000.1384,704,sell,0.0004481031674997879,-0.0008512143362414791,-0.0006755936204156099,0.00028184959373564087,sell,0.00028184959373564087,-0.0006755936204156099
2021-06-24 06:36:00,8.47725,8.47557,8.4833,8.48174,8.48353,8.48183,8.47725,8.475560000000002,0.0016800000000003479,0.0015599999999995617,571950000.4047999,503110000.0144,470,buy,0.0005402695449586476,-0.0009403508440738402,0.0005296528945118464,-0.0009120330550040245,buy,0.0005296528945118464,-0.0009120330550040245
2021-06-24 06:45:00,8.48307,8.48127,8.477450000000001,8.47557,8.48419,8.48268,8.477310000000001,8.475489999999999,0.0017999999999993577,0.0018800000000016581,749610000.0144,877600000.0239999,672,sell,0.0006330546478234719,-0.0010254367240716015,-0.000884113888014632,0.00045040424370398164,sell,0.00045040424370398164,-0.000884113888014632
2021-06-24 06:54:00,8.477450000000001,8.47557,8.47663,8.474910000000001,8.48172,8.47863,8.4755,8.47374,0.0018800000000016581,0.0017199999999988336,877280000.4478,1220760000.7045999,821,buy,0.0003692997463277118,-0.0009417329302055382,-0.0002996183994007354,-0.0001250653348389226,hold,0.0,-0.0002996183994007354
2021-06-24 07:03:00,8.47663,8.474910000000001,8.472389999999999,8.47082,8.47705,8.47535,8.470600000000001,8.46895,0.0017199999999988336,0.0015699999999991832,1141960000.1576,952300000.072,873,sell,0.000560448831021679,-0.0009555210833958349,-0.0006854138967962876,0.0002973482904245942,sell,0.0002973482904245942,-0.0006854138967962876
2021-06-24 07:12:00,8.47225,8.470680000000002,8.471,8.469389999999999,8.47292,8.471250000000001,8.46687,8.46518,0.0015699999999991832,0.0016100000000012216,1048300000.6673,1050510000.5855999,842,sell,0.0005170429393538332,-0.0009134985341535244,-0.0003375726636964042,-3.777736852278018e-05,hold,0.0,-0.0003375726636964042
2021-06-24 07:21:00,8.47092,8.46926,8.472280000000001,8.469750000000001,8.472280000000001,8.47007,8.46899,8.46733,0.0016599999999993287,0.0025300000000001432,740320000.291,808060000.1816,611,buy,0.00012752406131073127,-0.0005845998679632066,-0.00013811959031584988,-0.00035658369208185043,hold,0.0,-0.00035658369208185043
2021-06-24 07:30:00,8.47218,8.469750000000001,8.47079,8.46912,8.47563,8.474480000000002,8.46836,8.46673,0.0024299999999986,0.00166999999999895,929810000.062,1351900000.4524,919,buy,0.0007226901076478814,-0.0010511732392553647,-0.00036118212785842826,-0.00012278992886424409,hold,0.0,-0.00036118212785842826
2021-06-24 07:39:00,8.470930000000001,8.46927,8.47397,8.472380000000001,8.474639999999999,8.47297,8.46686,8.46523,0.001660000000001105,0.001589999999998426,927879999.3988,772060000.062,733,buy,0.0007216370649803605,-0.001111605945733197,0.00017117364917431418,-0.0005549474748118438,buy,0.00017117364917431418,-0.0005549474748118438
2021-06-24 07:48:00,8.474039999999999,8.47245,8.47653,8.47488,8.48088,8.479280000000001,8.473310000000001,8.471639999999999,0.001589999999998426,0.0016499999999997073,1307290000.0812,1224690000.2956,1025,buy,0.0007045652761435124,-0.0010906979050103538,9.912627271076728e-05,-0.00048156082361065376,buy,9.912627271076728e-05,-0.00048156082361065376
2021-06-24 07:57:00,8.47655,8.47487,8.47521,8.47358,8.47817,8.476460000000001,8.47203,8.470320000000001,0.0016800000000003479,0.0016300000000004644,1106000000.4772,1049070000.0527999,911,buy,0.0005228971096656933,-0.0009267654586839066,-0.00035037839687130653,-4.011860948915314e-05,hold,0.0,-0.00035037839687130653
2021-06-24 08:06:00,8.47534,8.473650000000001,8.47442,8.47264,8.47708,8.47523,8.47133,8.46988,0.001689999999998193,0.0017800000000001148,1152090000.6288002,1060990000.0095999,925,sell,0.00046016450291022106,-0.000849349068311374,-0.00031857129035519954,-9.086993208349073e-05,hold,0.0,-0.00031857129035519954
2021-06-24 08:15:00,8.4745,8.47263,8.46988,8.46826,8.47541,8.473730000000002,8.46981,8.46824,0.0018700000000002603,0.0016199999999990666,980030000.0906,880100000.0239999,865,sell,0.00046260619585481377,-0.0008459767728051319,-0.0007363266269396451,0.0003245745417893495,sell,0.0003245745417893495,-0.0007363266269396451
2021-06-24 08:24:00,8.46995,8.46837,8.465810000000001,8.464039999999999,8.47149,8.46984,8.46547,8.46364,0.001580000000000581,0.0017700000000022698,993490000.0095999,1178840000.3904,942,sell,0.0005159483532156173,-0.0009266374628311512,-0.0006977609076797216,0.00030230138739792986,sell,0.00030230138739792986,-0.0006977609076797216
2021-06-24 08:33:00,8.46606,8.464310000000001,8.47213,8.47045,8.47213,8.47045,8.46606,8.464310000000001,0.0017499999999994742,0.0016800000000003479,702990000.1289,1004980001.5668,668,buy,0.0005185410923143712,-0.000923879205747288,0.0005185410923143712,-0.000923879205747288,buy,0.0005185410923143712,-0.000923879205747288
2021-06-24 08:42:00,8.47213,8.47038,8.474910000000001,8.473080000000001,8.476230000000001,8.474630000000001,8.471260000000001,8.469570000000001,0.0017499999999994742,0.0018299999999999983,820870001.0769999,811990000.0095999,656,buy,0.00039781567322928546,-0.0007863445251648088,0.00011213236812954223,-0.000534804813951772,buy,0.00011213236812954223,-0.000534804813951772
2021-06-24 08:51:00,8.47514,8.4734,8.47739,8.47606,8.47808,8.47654,8.47333,8.471710000000002,0.0017399999999998528,0.0013299999999993872,669219999.9094,968630000.948,656,buy,0.00037883571157965864,-0.0007519143124586009,0.00010855277906921868,-0.00047088535888780634,buy,0.00010855277906921868,-0.00047088535888780634
2021-06-24 09:00:00,8.47739,8.475950000000001,8.475610000000001,8.47405,8.47762,8.47602,8.472760000000001,8.471070000000001,0.0014399999999987756,0.001560000000001338,712620000.0048,1000030000.0909,709,sell,0.00038461447707758504,-0.0007726225049010154,-0.0003939891877098584,4.0113497601987135e-05,sell,4.0113497601987135e-05,-0.0003939891877098584
2021-06-24 09:09:00,8.47568,8.474110000000001,8.47977,8.47809,8.48018,8.47832,8.47322,8.47146,0.0015699999999991832,0.0016800000000003479,687060000.1812999,805810000.5382,619,buy,0.000601896327488316,-0.001029338508356326,0.0002843429671718797,-0.0006679167487793865,buy,0.0002843429671718797,-0.0006679167487793865
2021-06-24 09:18:00,8.479750000000001,8.47809,8.48035,8.478760000000001,8.48035,8.478760000000001,8.47751,8.475710000000001,0.001660000000001105,0.001589999999998426,613470000.3864,651850000.0239999,526,buy,0.00014744895612044568,-0.000547446762571917,-0.00011674872490342571,-0.0002665694749642557,hold,0.0,-0.0002665694749642557
2021-06-24 09:27:00,8.48035,8.47874,8.477889999999999,8.476180000000001,8.48201,8.48024,8.477889999999999,8.476180000000001,0.0016099999999994452,0.0017099999999974358,692780000.0908,716100000.2622,565,sell,0.00027711479863796643,-0.0006873370816586585,-0.0004917249877656527,0.00010025074480424823,sell,0.00010025074480424823,-0.0004917249877656527
2021-06-24 09:36:00,8.47792,8.47625,8.46524,8.46358,8.478480000000001,8.47682,8.465,8.46332,0.00166999999999895,0.0016599999999993287,856620000.0048,1199429999.7080002,829,sell,0.0013943908210862284,-0.001788056349723254,-0.0016914526204539451,0.0012989234626162077,sell,0.0012989234626162077,-0.0016914526204539451
2021-06-24 09:45:00,8.46524,8.46362,8.470089999999999,8.46842,8.47098,8.469230000000001,8.46275,8.460980000000001,0.0016199999999990666,0.00166999999999895,819110000.1336,1067990000.3671999,782,buy,0.0007657085462765172,-0.0011818961869664963,0.0003756538503338836,-0.0007644483093520764,buy,0.0003756538503338836,-0.0007644483093520764
2021-06-24 09:54:00,8.46996,8.46829,8.47376,8.472100000000001,8.47483,8.47304,8.467960000000001,8.46626,0.0016700000000007265,0.0016599999999993287,786170000.1958001,833350000.2623999,693,sell,0.0005995486861855666,-0.0010112297237821445,0.00025265762766302284,-0.0006459391447388731,buy,0.00025265762766302284,-0.0006459391447388731
2021-06-24 10:03:00,8.473830000000001,8.47218,8.4757,8.473980000000001,8.47666,8.47498,8.472000000000001,8.47001,0.0016500000000014836,0.0017199999999988336,726020000.1001999,1021980000.2574,710,buy,0.0003517469310669374,-0.0007851230399964686,1.7701558799226606e-05,-0.0004154774804123576,buy,1.7701558799226606e-05,-0.0004154774804123576
2021-06-24 10:12:00,8.47557,8.47384,8.46818,8.466280000000001,8.47579,8.474110000000001,8.4679,8.4661,0.0017300000000002314,0.0018999999999991246,763250000.0,1184240000.2477999,763,sell,0.0007328203197741306,-0.0011432562628379288,-0.0010960914723137493,0.0006679380304559549,sell,0.0006679380304559549,-0.0010960914723137493
2021-06-24 10:21:00,8.46823,8.466289999999999,8.463700000000001,8.46188,8.46823,8.466289999999999,8.46279,8.46108,0.001940000000001163,0.0018200000000003769,818750000.0,1230560000.0626001,818,sell,0.00041340421837652013,-0.0008443322866761205,-0.0007498615413137588,0.00030591912159846544,sell,0.00030591912159846544,-0.0007498615413137588
2021-06-24 10:30:00,8.463560000000001,8.461889999999999,8.46602,8.46441,8.46602,8.46441,8.459150000000001,8.45748,0.0016700000000025028,0.0016099999999994452,670160000.8008001,865040000.2003999,610,buy,0.0006218118841727384,-0.001009757043469212,0.00010043055168271924,-0.00048807063197485955,buy,0.00010043055168271924,-0.00048807063197485955
2021-06-24 10:39:00,8.466050000000001,8.46449,8.461730000000001,8.45978,8.46915,8.46749,8.46154,8.45978,0.001560000000001338,0.0019500000000007844,685190000.1764,822170000.0762,610,sell,0.0007026875732950785,-0.001106368407691509,-0.0007406051228141415,0.0003260680797069335,sell,0.0003260680797069335,-0.0007406051228141415
2021-06-24 10:48:00,8.461730000000001,8.459810000000001,8.464110000000002,8.46223,8.46438,8.46252,8.46067,8.45875,0.0019200000000001438,0.0018800000000016581,527560000.06200004,757810000.4194,525,buy,0.00021865880598099691,-0.0006655829762080714,5.908957151774337e-05,-0.0005082856470772554,buy,5.908957151774337e-05,-0.0005082856470772554
2021-06-24 10:57:00,8.4641,8.46224,8.46485,8.463289999999999,8.467189999999999,8.46557,8.46164,8.45983,0.001860000000000639,0.001560000000001338,1835990000.8439999,2581150000.0956,1751,buy,0.0004644489720669319,-0.0008699938414836325,-9.569830224138534e-05,-0.0003084289738887892,hold,0.0,-0.0003084289738887892
2021-06-24 11:06:00,8.46485,8.463239999999999,8.462530000000001,8.460780000000002,8.46524,8.46359,8.4616,8.459769999999999,0.0016100000000012216,0.0017499999999994742,1237620000.0047998,1559370000.2436,1220,sell,0.00023512481110253097,-0.0006461718746309322,-0.00048081182773453585,8.389222094587771e-05,sell,8.389222094587771e-05,-0.00048081182773453585
2021-06-24 11:15:00,8.46252,8.46079,8.45813,8.456330000000001,8.464889999999999,8.463230000000001,8.45813,8.456330000000001,0.0017300000000002314,0.0017999999999993577,830920000.3148,1077200000.0479999,794,sell,0.0006026068061485447,-0.0010112358223198954,-0.0007314606051150678,0.00031439144571591716,sell,0.00031439144571591716,-0.0007314606051150678
2021-06-24 11:24:00,8.458260000000001,8.45647,8.47061,8.46875,8.47109,8.469289999999999,8.458260000000001,8.45647,0.0017900000000015126,0.001860000000000639,1159749999.8811998,911610000.0144,862,buy,0.0013040507149222294,-0.0017288537652236388,0.001240207796875362,-0.0016720924924940493,buy,0.001240207796875362,-0.0016720924924940493
2021-06-24 11:33:00,8.47085,8.46908,8.468539999999999,8.466700000000001,8.47253,8.47072,8.468119999999999,8.46649,0.0017700000000004934,0.0018399999999978434,659950000.2854,534620000.124,480,sell,0.0003069396698274817,-0.0007128921349349591,-0.0004899154158082376,6.376135306324573e-05,sell,6.376135306324573e-05,-0.0004899154158082376
2021-06-24 11:42:00,8.468639999999999,8.46676,8.46753,8.46596,8.470210000000002,8.46841,8.46588,8.46394,0.0018799999999981054,0.0015699999999991832,890470000.0288999,821000001.1902001,681,sell,0.0002987573818461958,-0.0007402413871677844,-0.00031646167507392187,-9.094387935872414e-05,hold,0.0,-0.00031646167507392187
2021-06-24 11:51:00,8.46767,8.46609,8.47155,8.46965,8.4725,8.470830000000001,8.46767,8.46609,0.001580000000000581,0.001900000000000901,1121490001.2013001,886700000.048,802,buy,0.00037318412266906505,-0.0007571381830338082,0.00023383055787479302,-0.0006449258158135728,buy,0.00023383055787479302,-0.0006449258158135728
2021-06-24 12:00:00,8.47145,8.469669999999999,8.471689999999999,8.470469999999999,8.474269999999999,8.4725,8.470239999999999,8.46851,0.0017800000000018912,0.0012199999999999989,1156180002.4504,1378020000.1006,1008,sell,0.0002667453526115648,-0.0006797045645228032,-0.00011568267533916616,-0.00023849807607615302,hold,0.0,-0.00023849807607615302
2021-06-24 12:09:00,8.471760000000002,8.470469999999999,8.471639999999999,8.469980000000001,8.47472,8.47312,8.47061,8.469000000000001,0.001290000000002678,0.0016599999999975523,785850000.3816,816530000.21,672,sell,0.00029623090431849474,-0.0006749485528723537,-0.00021010982369662438,-0.00013812692802171728,hold,0.0,-0.00021010982369662438
2021-06-24 12:18:00,8.471639999999999,8.469980000000001,8.4712,8.46952,8.475380000000001,8.47379,8.470030000000001,8.46809,0.0016599999999975523,0.0016800000000003479,872440000.1764,1146380000.1142,821,sell,0.0004437211684497713,-0.0008601384244719562,-0.0002502467054784762,-0.00014403812051483266,hold,0.0,-0.0002502467054784762
2021-06-24 12:27:00,8.4712,8.46952,8.465330000000002,8.46327,8.47288,8.471219999999999,8.46459,8.462460000000002,0.0016800000000003479,0.002060000000001949,1376650000.5726,1621710000.8722,1220,sell,0.0007826499606903693,-0.0012298061580003608,-0.0009361129473982427,0.0004947151668568816,sell,0.0004947151668568816,-0.0009361129473982427
2021-06-24 12:36:00,8.46546,8.463339999999999,8.465950000000001,8.464110000000002,8.46922,8.467600000000001,8.46304,8.46144,0.002120000000001454,0.0018399999999996197,1333690000.7722,1087560000.1812,982,buy,0.0005388134760087926,-0.0009194652446865241,-0.000159471546732089,-0.00030838888665732963,hold,0.0,-0.00030838888665732963
2021-06-24 12:45:00,8.46588,8.46407,8.46434,8.462610000000002,8.4685,8.46674,8.46039,8.458739999999999,0.0018100000000007554,0.001729999999998455,1101040000.0816,928149999.8571999,872,sell,0.0007499935039932031,-0.0011525063470510441,-0.0003862563608270816,-3.1899547144628596e-05,hold,0.0,-0.0003862563608270816
2021-06-24 12:54:00,8.46433,8.46262,8.457960000000002,8.45622,8.46488,8.46311,8.45657,8.454930000000001,0.0017100000000009885,0.0017400000000016291,1394020000.696,1272690000.0576,1141,sell,0.0007727655672679547,-0.0011754448970333782,-0.0009581384468706068,0.0005506568887646693,sell,0.0005506568887646693,-0.0009581384468706068
2021-06-24 13:03:00,8.45795,8.456230000000001,8.46015,8.45839,8.4616,8.45974,8.456389999999999,8.454550000000001,0.0017199999999988336,0.001760000000000872,1390500001.0726,1032770000.3388,951,buy,0.000396150130256655,-0.0008338705194243993,5.202206208352258e-05,-0.0004635635501871442,buy,5.202206208352258e-05,-0.0004635635501871442
2021-06-24 13:12:00,8.460210000000002,8.45838,8.46138,8.4596,8.462460000000002,8.46069,8.45428,8.452350000000001,0.0018300000000017747,0.0017800000000001148,1268320000.0527,985680000.0668,895,buy,0.0007581958487297459,-0.001196117056203417,-7.210222914109409e-05,-0.0003546778461123896,hold,0.0,-0.0003546778461123896
2021-06-24 13:21:00,8.46152,8.45969,8.468160000000001,8.46647,8.46889,8.46707,8.46138,8.45955,0.0018299999999999983,0.0016900000000017457,1192160000.3228,915350000.0239999,863,buy,0.0006724671389300006,-0.0011040776400635854,0.0005850012763663173,-0.001001218720780651,buy,0.0005850012763663173,-0.001001218720780651
2021-06-24 13:30:00,8.46828,8.466610000000001,8.463569999999999,8.461760000000002,8.4696,8.46792,8.463189999999999,8.461580000000001,0.00166999999999895,0.0018099999999972027,1220990000.0096,1830520000.5767999,1209,sell,0.000558578730077793,-0.0009469160290920895,-0.0007699320286998428,0.00035905752125138063,sell,0.00035905752125138063,-0.0007699320286998428
2021-06-24 13:39:00,8.463569999999999,8.461860000000001,8.46526,8.463569999999999,8.465710000000001,8.46405,8.456669999999999,8.454960000000002,0.0017099999999974358,0.0016900000000017457,1382180000.544,1363250000.1195998,1138,buy,0.0008726839287806282,-0.0012714430346210761,0.0,-0.0004018029133073793,hold,0.0,-0.0004018029133073793
2021-06-24 13:48:00,8.46527,8.463560000000001,8.46446,8.462639999999999,8.466339999999999,8.46499,8.46362,8.46203,0.0017099999999992122,0.0018200000000021532,1213780000.0907998,1039930000.0668,931,sell,0.00016184307364800775,-0.0005090747595771588,-0.00031068117142178415,-0.00010633823119345508,hold,0.0,-0.00031068117142178415
2021-06-24 13:57:00,8.46446,8.462639999999999,8.464369999999999,8.46265,8.46617,8.46446,8.46239,8.46062,0.0018200000000021532,0.0017199999999988336,1513800000.4292,1318550000.0716,1137,sell,0.0002445519265259178,-0.0006555502665313241,-0.0002138352594259711,-0.0002044279326546127,hold,0.0,-0.0002138352594259711
2021-06-24 14:06:00,8.46439,8.4627,8.468010000000001,8.46614,8.47052,8.468810000000001,8.46439,8.462510000000002,0.0016899999999999693,0.0018700000000020367,916240000.0095999,1246980000.0191998,868,buy,0.0005221876591226802,-0.0009465276850483767,0.00020674850757106824,-0.0006274593214933154,buy,0.00020674850757106824,-0.0006274593214933154
2021-06-24 14:15:00,8.467839999999999,8.46602,8.46287,8.461110000000001,8.4684,8.46653,8.460980000000001,8.45919,0.0018199999999986005,0.0017599999999990956,721240000.0095999,1109120000.0047998,716,sell,0.0006555223922905251,-0.0010875726229277397,-0.0007947717481668833,0.0003720756624718302,sell,0.0003720756624718302,-0.0007947717481668833
2021-06-24 14:24:00,8.462639999999999,8.460939999999999,8.46677,8.465150000000001,8.467989999999999,8.466339999999999,8.461630000000001,8.459810000000001,0.0016999999999995907,0.0016199999999990666,883940000.0576,1114910000.2052,792,buy,0.0005566303419078296,-0.0009669247890907282,0.00029659775200205574,-0.0006890487345379278,buy,0.00029659775200205574,-0.0006890487345379278
2021-06-24 14:33:00,8.46665,8.46503,8.477089999999999,8.47558,8.477089999999999,8.47565,8.46664,8.46503,0.0016199999999990666,0.001509999999997902,1259360000.134,1170200000.0479999,1016,buy,0.0010641765800837124,-0.0014246848504964758,0.001054726485682202,-0.0014246848504964758,buy,0.001054726485682202,-0.0014246848504964758
2021-06-24 14:42:00,8.47718,8.475719999999999,8.477030000000001,8.475380000000001,8.482800000000001,8.480730000000001,8.474710000000002,8.472710000000001,0.0014600000000015712,0.0016499999999997073,1290620000.2431998,1795120000.124,1208,buy,0.0007103487906960201,-0.001190882256090428,-0.0002123347622675651,-0.00015455914069859798,hold,0.0,-0.0002123347622675651
2021-06-24 14:51:00,8.47692,8.47522,8.47296,8.470780000000001,8.478769999999999,8.47718,8.471,8.469339999999999,0.0016999999999995907,0.0021799999999991826,1881270000.3391001,2092480000.2578,1653,sell,0.0007290160171189615,-0.0011121896218437403,-0.0007243196821485257,0.0002666597445257712,sell,0.0002666597445257712,-0.0007243196821485257
2021-06-24 15:00:00,8.47294,8.470780000000001,8.47185,8.46994,8.47462,8.47269,8.46981,8.46792,0.0021599999999981634,0.0019100000000005224,1674460000.7519999,1476980000.1388,1283,buy,0.0003400312403701296,-0.0007912214569812153,-0.0003540683635196418,-0.00012631658477714827,hold,0.0,-0.0003540683635196418
2021-06-24 15:09:00,8.47184,8.46995,8.47082,8.46902,8.47224,8.47058,8.467630000000002,8.46584,0.0018899999999995032,0.0017999999999993577,815380000.1145,947629999.9952999,734,sell,0.0003482642274789275,-0.0007554082509465378,-0.0003328674762507109,-0.0001027160727039756,hold,0.0,-0.0003328674762507109
2021-06-24 15:18:00,8.470839999999999,8.46907,8.471060000000001,8.46911,8.47312,8.471210000000001,8.46986,8.46793,0.001769999999998717,0.0019500000000007844,1132060000.6581,859790000.0814,765,sell,0.00015936330229098398,-0.0006125252563399218,-0.00020423004094026747,-0.00023497267114347224,hold,0.0,-0.00023497267114347224
2021-06-24 15:27:00,8.47113,8.46917,8.46965,8.467910000000002,8.47151,8.4696,8.468169999999999,8.46668,0.001960000000000406,0.0017399999999980764,731980000.0193,734930001.7341001,595,sell,0.00016883914234449448,-0.0005701462903307807,-0.00038011457739391206,-5.6676155986902124e-05,hold,0.0,-0.00038011457739391206
2021-06-24 15:36:00,8.46948,8.467839999999999,8.4693,8.46764,8.46983,8.467939999999999,8.46718,8.46546,0.0016400000000018622,0.001660000000001105,899520000.1003001,676230000.1384,652,buy,8.975833748637368e-05,-0.0005162153031258506,-0.0002172506458485522,-0.00017241705086557744,hold,0.0,-0.0002172506458485522
2021-06-24 15:45:00,8.469230000000001,8.46764,8.470930000000001,8.469050000000001,8.471219999999999,8.469380000000001,8.466439999999999,8.46457,0.0015900000000019787,0.0018799999999998818,577120000.1243,622240000.0095999,506,buy,0.0003472533910359473,-0.000785627621958199,-2.125340792495788e-05,-0.0003885380105910938,hold,0.0,-0.0003885380105910938
2021-06-24 15:54:00,8.470930000000001,8.469050000000001,8.471010000000001,8.4692,8.47325,8.471760000000002,8.470930000000001,8.469050000000001,0.0018799999999998818,0.0018100000000007554,637120000.2428,818440000.1765,590,buy,9.798215780328163e-05,-0.0004959233916435838,-0.00020422787108383982,-0.00023143091610043696,hold,0.0,-0.00023143091610043696
2021-06-24 16:03:00,8.471010000000001,8.46915,8.47175,8.46972,8.471969999999999,8.46994,8.47035,8.468580000000001,0.001860000000000639,0.002029999999999532,268130000.1144,351790000.0812,263,hold,0.0,-0.00040030323855921336,-0.00015228408418841452,-0.00030699656990362307,hold,0.0,-0.00030699656990362307
2021-06-24 16:12:00,8.47188,8.46984,8.468960000000001,8.46734,8.47332,8.47154,8.46649,8.46444,0.00204000000000093,0.001620000000000843,718200000.286,965580000.0432,647,sell,0.0005961135755717247,-0.0010479953548313478,-0.0005358904989211878,0.00010389806655127602,sell,0.00010389806655127602,-0.0005358904989211878
2021-06-24 16:21:00,8.46908,8.46728,8.468480000000001,8.46672,8.46989,8.46814,8.46808,8.46655,0.0017999999999993577,0.001760000000000872,507310000.3004,401000000.0,401,buy,7.085431408241879e-06,-0.00039449362491211613,-0.0002786607282018205,-0.00014172201698783504,hold,0.0,-0.0002786607282018205
2021-06-24 16:30:00,8.46849,8.46673,8.46607,8.46444,8.468580000000001,8.46676,8.46578,8.464319999999999,0.0017599999999990956,0.0016300000000004644,394440000.0572,569000000.0,390,sell,0.0001157467555476006,-0.0005030359281015412,-0.0004782434648915501,7.795217279869358e-05,sell,7.795217279869358e-05,-0.0004782434648915501
2021-06-24 16:39:00,8.46607,8.4643,8.46803,8.46608,8.46842,8.466510000000001,8.4655,8.46396,0.0017700000000004934,0.0019500000000007844,439500000.0,653119999.8856,433,buy,0.00011930777863101334,-0.0005269401084125998,1.1811856031926765e-06,-0.0004406743617311413,buy,1.1811856031926765e-06,-0.0004406743617311413
2021-06-24 16:48:00,8.46803,8.466050000000001,8.469230000000001,8.4674,8.469850000000001,8.467680000000001,8.466339999999999,8.46456,0.0019799999999996487,0.0018300000000017747,637570000.1716,877860000.1336,600,buy,0.00015827382316355846,-0.0006249586511289968,-7.43974690690773e-05,-0.00037561790917847216,hold,0.0,-0.00037561790917847216
2021-06-24 16:57:00,8.469230000000001,8.467310000000001,8.468160000000001,8.46627,8.47066,8.46893,8.46746,8.46563,0.0019200000000001438,0.0018900000000012795,694140000.3432,731460000.1573,634,sell,0.000173575646510175,-0.0005938144135167325,-0.0003495004858767122,-0.0001003860730267104,hold,0.0,-0.0003495004858767122
2021-06-24 17:06:00,8.46832,8.466460000000001,8.46669,8.46493,8.468630000000001,8.46668,8.466610000000001,8.464780000000001,0.0018599999999988626,0.0017599999999990956,344340000.1526,335400000.0953,335,sell,8.267703515324344e-06,-0.0004546189879590806,-0.0004003155289360298,-2.716601743803173e-05,hold,0.0,-0.0004003155289360298
2021-06-24 17:15:00,8.46676,8.465,8.46663,8.46505,8.4687,8.46694,8.46619,8.464680000000001,0.001760000000000872,0.001580000000000581,283000000.0,275000000.0,274,buy,8.858766458111954e-05,-0.0004749145862571062,-0.00020196627753721474,-0.00019255759007684163,hold,0.0,-0.00020196627753721474
2021-06-24 17:24:00,8.466700000000001,8.46505,8.46785,8.46627,8.46798,8.4663,8.46575,8.464160000000001,0.0016500000000014836,0.001580000000000581,375940000.0572,354750000.0,346,buy,6.49676638219289e-05,-0.0004513147199484967,-5.078720162536581e-05,-0.00033077182060360893,hold,0.0,-0.00033077182060360893
2021-06-24 17:33:00,8.46785,8.465819999999999,8.469710000000001,8.467889999999999,8.47057,8.468630000000001,8.467839999999999,8.465819999999999,0.0020300000000013085,0.0018200000000021532,206250000.0,204250000.0,201,buy,9.329415766028491e-05,-0.0005610797300204073,4.723749239592776e-06,-0.00045949476837470535,buy,4.723749239592776e-06,-0.00045949476837470535
2021-06-24 17:42:00,8.469570000000001,8.467730000000001,8.469339999999999,8.46752,8.46989,8.46815,8.46831,8.46647,0.0018399999999996197,0.0018199999999986005,201250000.0,192000000.0,192,hold,0.0,-0.00040378328408045453,-0.00024204298447271245,-0.00019013360133089606,hold,0.0,-0.00024204298447271245
2021-06-24 17:51:00,8.46926,8.467410000000001,8.46992,8.46841,8.47049,8.46868,8.468210000000001,8.46645,0.0018499999999992411,0.0015099999999996783,292750000.0,318650000.5694,291,buy,5.550169398255008e-05,-0.0004771775655676017,-0.00010036295969184974,-0.000296430667701118,hold,0.0,-0.000296430667701118
2021-06-24 18:00:00,8.46992,8.468119999999999,8.46677,8.465119999999999,8.46992,8.46813,8.464830000000001,8.46298,0.001800000000001134,0.0016500000000014836,825000000.0,1166439996.9538999,823,sell,0.0003896964264837,-0.0008193701947598286,-0.0005667113738974214,0.00015942145364007952,sell,0.00015942145364007952,-0.0005667113738974214
2021-06-24 18:09:00,8.46665,8.46498,8.46607,8.46413,8.467780000000001,8.466330000000001,8.46536,8.463389999999999,0.00166999999999895,0.0019399999999993867,519130000.1144,528470000.0286,503,sell,0.0001145714849291938,-0.0005184357647461977,-0.00029763838117776754,-0.00012876580925171604,hold,0.0,-0.00029763838117776754
2021-06-24 18:18:00,8.46607,8.46402,8.46831,8.46654,8.46862,8.4669,8.465639999999999,8.46368,0.0020500000000005514,0.0017700000000004934,557690000.0572,621500000.0,549,buy,0.00014883694558261837,-0.0005836704601307588,5.5515723352154e-05,-0.0005068513543211164,buy,5.5515723352154e-05,-0.0005068513543211164
2021-06-24 18:27:00,8.46818,8.46654,8.46723,8.465689999999999,8.46831,8.466750000000001,8.46681,8.46482,0.0016400000000000858,0.0015400000000020952,311000000.0,322620000.00479996,311,hold,0.0,-0.00041212473327040494,-0.00029404193108810363,-8.149728224286704e-05,hold,0.0,-0.00029404193108810363
2021-06-24 18:36:00,8.467239999999999,8.46544,8.46777,8.465950000000001,8.46826,8.466410000000002,8.467189999999999,8.46518,0.0017999999999993577,0.0018199999999986005,222000000.0,228050000.0714,222,hold,0.0,-0.0003638434150249183,-0.00015235188798207552,-0.00027523672721094353,hold,0.0,-0.00027523672721094353
2021-06-24 18:45:00,8.46774,8.465950000000001,8.466569999999999,8.464739999999999,8.46832,8.466410000000002,8.466339999999999,8.46453,0.0017899999999979599,0.0018299999999999983,298590000.3905,315480000.1382,295,buy,8.268035538695474e-06,-0.0004477507906523344,-0.0003542857952653381,-7.323454544355263e-05,hold,0.0,-0.0003542857952653381
2021-06-24 18:54:00,8.46658,8.464739999999999,8.466289999999999,8.46477,8.46813,8.466230000000001,8.46477,8.46301,0.001840000000001396,0.0015199999999992997,547130000.1144,516440000.1763,495,buy,0.00017247958302488682,-0.0006049856965783794,-0.000213781715875921,-0.00018311253505718316,hold,0.0,-0.000213781715875921
2021-06-24 19:03:00,8.466289999999999,8.464580000000002,8.46475,8.46255,8.46707,8.46518,8.46475,8.46255,0.0017099999999974358,0.002200000000000202,214130000.1144,258250000.0,207,sell,5.079632092875856e-05,-0.0005338328370970612,-0.00044175193620803736,-2.0083689917148073e-05,hold,0.0,-0.00044175193620803736
2021-06-24 19:12:00,8.464550000000001,8.46242,8.46616,8.46396,8.46616,8.46402,8.464160000000001,8.46204,0.0021300000000010755,0.002200000000000202,412000000.0,588750000.1196,412,hold,0.0,-0.0004868802321899147,-6.970246498641469e-05,-0.0004419539564333277,hold,0.0,-0.0004419539564333277
2021-06-24 19:21:00,8.466230000000001,8.464089999999999,8.46542,8.46342,8.46813,8.466230000000001,8.46542,8.46342,0.0021400000000024733,0.002000000000000668,287070000.1716,321739999.7717,278,sell,9.567422571809525e-05,-0.0005562030814360552,-0.0003319068818118545,-0.0001571344350073267,hold,0.0,-0.0003319068818118545
2021-06-24 19:30:00,8.46536,8.463330000000001,8.46672,8.465,8.467130000000001,8.46528,8.46529,8.463289999999999,0.002029999999999532,0.00172000000000061,474160000.4434,432250000.0,432,hold,0.0,-0.00045372426089642027,-4.2526248145451824e-05,-0.0004005515559477841,hold,0.0,-0.0004005515559477841
2021-06-24 19:39:00,8.4665,8.465,8.467210000000001,8.465250000000001,8.46729,8.46563,8.46585,8.464220000000001,0.0015000000000000568,0.001960000000000406,251000000.0,236000000.0,234,hold,0.0,-0.00036257173192358354,-0.00014764070158847968,-0.0002610750147668753,hold,0.0,-0.0002610750147668753
2021-06-24 19:48:00,8.467270000000001,8.46531,8.46758,8.465639999999999,8.467939999999999,8.46597,8.46664,8.464839999999999,0.001960000000000406,0.001940000000001163,316250000.0,287750000.0,287,hold,0.0,-0.0003660866751535652,-0.00019250596709473544,-0.00026815320407632185,hold,0.0,-0.00026815320407632185
2021-06-24 19:57:00,8.46757,8.465639999999999,8.465910000000001,8.464400000000001,8.46772,8.4659,8.464,8.46219,0.0019300000000015416,0.0015099999999996783,446000000.0,526830001.1149,445,sell,0.0002244297711996509,-0.0006530683584247302,-0.0003743695062454762,-3.1893631196485197e-05,hold,0.0,-0.0003743695062454762
2021-06-24 20:06:00,8.465910000000001,8.46433,8.46579,8.46392,8.46593,8.46433,8.46459,8.46267,0.001580000000000581,0.0018700000000002603,185000000.0,191950000.0476,185,hold,0.0,-0.000385072874450997,-0.00023506037744330452,-0.00017248854900503582,hold,0.0,-0.00023506037744330452
2021-06-24 20:15:00,8.46579,8.463410000000001,8.46616,8.4643,8.46678,8.46499,8.4655,8.463410000000001,0.0023799999999987165,0.001860000000000639,231000000.0,250500000.0,231,hold,0.0,-0.0003981846560663539,-0.00017600247584695998,-0.0003249281318049013,hold,0.0,-0.0003249281318049013
2021-06-24 20:24:00,8.46616,8.4641,8.4685,8.466289999999999,8.469489999999999,8.466980000000001,8.46537,8.46363,0.002060000000000173,0.0022100000000015996,593490000.0095999,628680000.0668,575,buy,0.00019018660731913922,-0.0006923743122039151,1.5355249605326525e-05,-0.0005198426294585843,buy,1.5355249605326525e-05,-0.0005198426294585843
2021-06-24 20:33:00,8.4685,8.46632,8.46749,8.46528,8.47038,8.46885,8.46682,8.4648,0.002180000000000959,0.0022099999999998232,556190000.0572,485750000.0,484,sell,0.00023970196661878912,-0.0006587661946689689,-0.0003802326267934896,-0.00013819463474096366,hold,0.0,-0.0003802326267934896
2021-06-24 20:42:00,8.467630000000002,8.465489999999999,8.469980000000001,8.467550000000001,8.47012,8.46774,8.46692,8.46461,0.0021400000000024733,0.0024300000000003763,249630000.1144,241250000.0,241,buy,9.68474959015976e-05,-0.000650945524956169,-9.447743937857946e-06,-0.0005303886721267553,hold,0.0,-0.0005303886721267553
2021-06-24 20:51:00,8.469850000000001,8.467419999999999,8.47357,8.462900000000001,8.473939999999999,8.467500000000001,8.46635,8.456980000000001,0.0024300000000021527,0.010669999999999291,917050000.1923,988150000.5727999,801,sell,0.00013581340419260377,-0.002001430267384171,-0.0008205576249874306,-0.0007263133280269144,hold,0.0,-0.0007263133280269144
2021-06-24 21:00:00,8.47357,8.462539999999999,8.47357,8.46237,8.47357,8.4646,8.473550000000001,8.45991,0.01103000000000165,0.011200000000000543,22500000.0,15540000.141199997,30,hold,0.0,-0.0016146743877889697,-0.0013217569454197632,-0.0013033911804259302,hold,0.0,-0.0013217569454197632
2021-06-24 21:09:00,8.48152,8.464080000000001,8.47912,8.47138,8.48279,8.47178,8.47741,8.460280000000001,0.01743999999999879,0.00774000000000008,95000000.0,107000000.0,92,hold,0.0,-0.002660668441233469,-0.0011955404219998085,-0.0017769208230544906,hold,0.0,-0.0011955404219998085
2021-06-24 21:18:00,8.47912,8.47138,8.47912,8.470680000000002,8.47912,8.471480000000001,8.47911,8.46814,0.00774000000000008,0.008439999999998449,20000000.0,22250000.0,20,hold,0.0,-0.0012949457019124614,-0.0009953863136738775,-0.0009136645977396929,hold,0.0,-0.0009953863136738775
2021-06-24 21:27:00,8.47912,8.47028,8.480110000000002,8.472480000000001,8.480760000000002,8.472480000000001,8.47911,8.46814,0.008839999999999293,0.007630000000000692,40000000.0,44939999.997600004,39,hold,0.0,-0.0014902918468520658,-0.000783100133032566,-0.0011605283414480858,hold,0.0,-0.0011605283414480858
2021-06-24 21:36:00,8.480760000000002,8.4697,8.48061,8.47208,8.480760000000002,8.47278,8.479700000000001,8.468560000000002,0.01106000000000229,0.00853000000000037,39000000.0,44750000.0,39,hold,0.0,-0.0014385503186035197,-0.0010234931774984548,-0.0012881211849299107,hold,0.0,-0.0010234931774984548
2021-06-24 21:45:00,8.48061,8.471580000000001,8.477739999999999,8.470239999999999,8.48061,8.471919999999999,8.477500000000001,8.46795,0.009029999999999205,0.007500000000000284,70000000.0,77050000.0714,70,hold,0.0,-0.0014950489787965609,-0.0012227893984043325,-0.0007271370865880653,hold,0.0,-0.0012227893984043325
2021-06-24 21:54:00,8.477739999999999,8.47035,8.47612,8.4723,8.47837,8.47265,8.47597,8.470160000000002,0.0073899999999991195,0.0038199999999992684,329029999.91120005,391159999.9664,406,hold,0.0,-0.0009692851138583301,-0.0006416804478550104,-0.0006811997142975265,hold,0.0,-0.0006416804478550104
2021-06-24 22:03:00,8.47611,8.47229,8.47602,8.47242,8.47643,8.472850000000001,8.47596,8.47229,0.0038200000000010448,0.0036000000000004917,199840000.51000002,162000000.0,200,hold,0.0,-0.0004884131645045573,-0.0004353412119475369,-0.0004402587730118893,hold,0.0,-0.0004353412119475369
2021-06-24 22:12:00,8.47612,8.47242,8.47562,8.472560000000001,8.476210000000002,8.47302,8.47552,8.472150000000001,0.0037000000000002586,0.0030599999999978422,107950000.52440001,59000000.0,59,hold,0.0,-0.000478987660758858,-0.000420003492163685,-0.00037769610099589585,hold,0.0,-0.000420003492163685
2021-06-24 22:21:00,8.47562,8.472560000000001,8.47552,8.47273,8.476,8.473880000000001,8.47537,8.47224,0.0030599999999978422,0.002789999999999182,241099999.78559998,166750000.0,166,hold,0.0,-0.00044360547428050253,-0.00034097800514876187,-0.00034936312047339585,hold,0.0,-0.00034097800514876187
2021-06-24 22:30:00,8.47552,8.47273,8.4773,8.47358,8.47734,8.4741,8.47541,8.472669999999999,0.002789999999999182,0.0037199999999995015,709529999.4948,352250000.0,351,hold,0.0,-0.0005511839833253083,-0.00022889451030725982,-0.0005393775087839807,hold,0.0,-0.0005393775087839807
2021-06-24 22:39:00,8.477269999999999,8.47358,8.47686,8.473600000000001,8.47764,8.47443,8.4761,8.47311,0.003689999999998861,0.0032599999999991525,465240000.0096,458500000.0,458,hold,0.0,-0.0005346325021154022,-0.0004329223912884504,-0.0003870855057720788,hold,0.0,-0.0004329223912884504
2021-06-24 22:48:00,8.47682,8.473600000000001,8.476280000000001,8.473230000000001,8.477450000000001,8.47364,8.47609,8.47306,0.0032199999999988904,0.003049999999999997,530370000.00479996,527000000.0,527,hold,0.0,-0.0005178443989644034,-0.00042350787205568764,-0.0003162764350452928,hold,0.0,-0.00042350787205568764
2021-06-24 22:57:00,8.47627,8.47311,8.477170000000001,8.47339,8.47893,8.47363,8.47452,8.47063,0.0031599999999993855,0.0037800000000007827,607830000.043,657870000.005,535,hold,0.0,-0.0009788971014031483,-0.00033977209314938384,-0.0004791629047658818,hold,0.0,-0.0004791629047658818
2021-06-24 23:06:00,8.477210000000001,8.473180000000001,8.47905,8.474580000000001,8.47982,8.476519999999999,8.47715,8.473180000000001,0.0040300000000002,0.00446999999999953,759860000.0144,805330000.043,674,hold,0.0,-0.0007836491140279199,-0.0003102435824994202,-0.0006927741414675269,hold,0.0,-0.0006927741414675269
2021-06-24 23:15:00,8.47912,8.474580000000001,8.47813,8.47521,8.47914,8.4754,8.47679,8.47382,0.004539999999998656,0.0029199999999995896,308720000.0288,247250000.0,246,hold,0.0,-0.0006278160263021076,-0.00046113275905983333,-0.0004188998156839432,hold,0.0,-0.00046113275905983333
2021-06-24 23:24:00,8.478060000000001,8.47507,8.47835,8.47532,8.479280000000001,8.47632,8.4777,8.47475,0.0029900000000004923,0.0030300000000007543,205960000.0384,163000000.0,163,hold,0.0,-0.0005345290421547315,-0.00032318714422887717,-0.0003870174523632456,hold,0.0,-0.0003870174523632456
2021-06-24 23:33:00,8.47835,8.47532,8.479619999999999,8.4764,8.47982,8.476989999999999,8.47757,8.47441,0.0030300000000007543,0.0032199999999988904,416840000.0334,229000000.0,229,hold,0.0,-0.0006383925252612831,-0.00022999758207679376,-0.0005073554744834249,hold,0.0,-0.0005073554744834249
2021-06-24 23:42:00,8.479619999999999,8.4764,8.47942,8.47583,8.48062,8.47654,8.47912,8.47537,0.0032199999999988904,0.003589999999999094,1634600000.0238,872000000.0,872,hold,0.0,-0.0006190585122314404,-0.00044695399086263634,-0.00035628332782777555,hold,0.0,-0.00044695399086263634
2021-06-24 23:51:00,8.47942,8.475900000000001,8.481020000000001,8.477110000000001,8.481119999999999,8.47756,8.479410000000001,8.475489999999999,0.0035199999999981912,0.003909999999999414,1317440000.0572,664000000.0,664,hold,0.0,-0.000664268378583424,-0.00027242429317073737,-0.0006040656449462347,hold,0.0,-0.0006040656449462347
